[{"name":"sql.active_record","payload":{"sql":"SELECT  \"trainings\".* FROM \"trainings\" WHERE \"trainings\".\"id\" = ? LIMIT ?","name":"Training Load","connection_id":61489704,"statement_name":null,"binds":[{"name":"id","value_before_type_cast":"1","type":{"precision":null,"scale":null,"limit":null,"range":"-2147483648...2147483648"},"original_attribute":null,"value":"1","value_for_database":1},{"name":"LIMIT","value_before_type_cast":1,"type":{"precision":null,"scale":null,"limit":null},"original_attribute":null,"value":1}],"line":103,"filename":"c:/Sites/musc/app/controllers/trainings_controller.rb","method":"set_training"},"time":"2017-01-29T19:24:29.995+01:00","transaction_id":"120e3cd236d64ba749d0","end":"2017-01-29T19:24:29.997+01:00","children":[],"duration":1.9819999999999998},{"name":"sql.active_record","payload":{"sql":"SELECT  \"users\".* FROM \"users\" WHERE \"users\".\"id\" = ? ORDER BY \"users\".\"id\" ASC LIMIT ?","name":"User Load","connection_id":61489704,"statement_name":null,"binds":[{"name":"id","value_before_type_cast":1,"type":{"precision":null,"scale":null,"limit":null,"range":"-2147483648...2147483648"},"original_attribute":null,"value":1,"value_for_database":1},{"name":"LIMIT","value_before_type_cast":1,"type":{"precision":null,"scale":null,"limit":null},"original_attribute":null,"value":1}],"line":24,"filename":"c:/Sites/musc/app/controllers/trainings_controller.rb","method":"show"},"time":"2017-01-29T19:24:30.001+01:00","transaction_id":"120e3cd236d64ba749d0","end":"2017-01-29T19:24:30.004+01:00","children":[],"duration":2.9859999999999998},{"name":"sql.active_record","payload":{"sql":"SELECT \"thrills\".* FROM \"thrills\" INNER JOIN \"reservations\" ON \"reservations\".\"thrill_id\" = \"thrills\".\"id\" WHERE \"thrills\".\"training_id\" = ? AND \"reservations\".\"user_id\" = ?","name":"Thrill Load","connection_id":61489704,"statement_name":null,"binds":[{"name":"training_id","value_before_type_cast":1,"type":{"precision":null,"scale":null,"limit":null,"range":"-2147483648...2147483648"},"original_attribute":null,"value":1,"value_for_database":1},{"name":"user_id","value_before_type_cast":1,"type":{"precision":null,"scale":null,"limit":null,"range":"-2147483648...2147483648"},"original_attribute":null,"value":1,"value_for_database":1}],"line":24,"filename":"c:/Sites/musc/app/controllers/trainings_controller.rb","method":"show"},"time":"2017-01-29T19:24:30.008+01:00","transaction_id":"120e3cd236d64ba749d0","end":"2017-01-29T19:24:30.012+01:00","children":[],"duration":4.01},{"name":"sql.active_record","payload":{"sql":"SELECT  \"reviews\".* FROM \"reviews\" WHERE \"reviews\".\"training_id\" = ? AND \"reviews\".\"user_id\" = ? LIMIT ?","name":"Review Load","connection_id":61489704,"statement_name":null,"binds":[{"name":"training_id","value_before_type_cast":1,"type":{"precision":null,"scale":null,"limit":null,"range":"-2147483648...2147483648"},"original_attribute":null,"value":1,"value_for_database":1},{"name":"user_id","value_before_type_cast":1,"type":{"precision":null,"scale":null,"limit":null,"range":"-2147483648...2147483648"},"original_attribute":null,"value":1,"value_for_database":1},{"name":"LIMIT","value_before_type_cast":1,"type":{"precision":null,"scale":null,"limit":null},"original_attribute":null,"value":1}],"line":27,"filename":"c:/Sites/musc/app/controllers/trainings_controller.rb","method":"show"},"time":"2017-01-29T19:24:30.017+01:00","transaction_id":"120e3cd236d64ba749d0","end":"2017-01-29T19:24:30.018+01:00","children":[],"duration":0.985},{"name":"sql.active_record","payload":{"sql":"SELECT \"photos\".* FROM \"photos\" WHERE \"photos\".\"training_id\" = ?","name":"Photo Load","connection_id":61489704,"statement_name":null,"binds":[{"name":"training_id","value_before_type_cast":1,"type":{"precision":null,"scale":null,"limit":null,"range":"-2147483648...2147483648"},"original_attribute":null,"value":1,"value_for_database":1}],"line":14,"filename":"c:/Sites/musc/app/views/trainings/show.html.erb","method":"_app_views_trainings_show_html_erb__991672286_103192980"},"time":"2017-01-29T19:24:30.177+01:00","transaction_id":"120e3cd236d64ba749d0","end":"2017-01-29T19:24:30.178+01:00","children":[],"duration":1.4989999999999999},{"name":"sql.active_record","payload":{"sql":"SELECT  \"users\".* FROM \"users\" WHERE \"users\".\"id\" = ? LIMIT ?","name":"User Load","connection_id":61489704,"statement_name":null,"binds":[{"name":"id","value_before_type_cast":1,"type":{"precision":null,"scale":null,"limit":null,"range":"-2147483648...2147483648"},"original_attribute":null,"value":1,"value_for_database":1},{"name":"LIMIT","value_before_type_cast":1,"type":{"precision":null,"scale":null,"limit":null},"original_attribute":null,"value":1}],"line":60,"filename":"c:/Sites/musc/app/views/trainings/show.html.erb","method":"_app_views_trainings_show_html_erb__991672286_103192980"},"time":"2017-01-29T19:24:30.182+01:00","transaction_id":"120e3cd236d64ba749d0","end":"2017-01-29T19:24:30.184+01:00","children":[],"duration":1.5},{"name":"sql.active_record","payload":{"sql":"SELECT COUNT(*) FROM \"reviews\" WHERE \"reviews\".\"training_id\" = ?","name":null,"connection_id":61489704,"statement_name":null,"binds":[{"name":"training_id","value_before_type_cast":1,"type":{"precision":null,"scale":null,"limit":null,"range":"-2147483648...2147483648"},"original_attribute":null,"value":1,"value_for_database":1}],"line":64,"filename":"c:/Sites/musc/app/views/trainings/show.html.erb","method":"_app_views_trainings_show_html_erb__991672286_103192980"},"time":"2017-01-29T19:24:30.186+01:00","transaction_id":"120e3cd236d64ba749d0","end":"2017-01-29T19:24:30.188+01:00","children":[],"duration":1.5},{"name":"sql.active_record","payload":{"sql":"SELECT COUNT(*) FROM \"reviews\" WHERE \"reviews\".\"training_id\" = ?","binds":[{"name":"training_id","value_before_type_cast":1,"type":{"precision":null,"scale":null,"limit":null,"range":"-2147483648...2147483648"},"original_attribute":null,"value":1,"value_for_database":1}],"name":"CACHE","connection_id":61489704,"line":36,"filename":"c:/Sites/musc/app/models/training.rb","method":"average_rating"},"time":"2017-01-29T19:24:30.191+01:00","transaction_id":"e9532a58139ec756f2f5","end":"2017-01-29T19:24:30.192+01:00","children":[],"duration":1.001},{"name":"sql.active_record","payload":{"sql":"SELECT AVG(\"reviews\".\"star\") FROM \"reviews\" WHERE \"reviews\".\"training_id\" = ?","name":null,"connection_id":61489704,"statement_name":null,"binds":[{"name":"training_id","value_before_type_cast":1,"type":{"precision":null,"scale":null,"limit":null,"range":"-2147483648...2147483648"},"original_attribute":null,"value":1,"value_for_database":1}],"line":36,"filename":"c:/Sites/musc/app/models/training.rb","method":"average_rating"},"time":"2017-01-29T19:24:30.194+01:00","transaction_id":"120e3cd236d64ba749d0","end":"2017-01-29T19:24:30.195+01:00","children":[],"duration":1.001},{"name":"sql.active_record","payload":{"sql":"SELECT COUNT(*) FROM \"reviews\" WHERE \"reviews\".\"training_id\" = ?","binds":[{"name":"training_id","value_before_type_cast":1,"type":{"precision":null,"scale":null,"limit":null,"range":"-2147483648...2147483648"},"original_attribute":null,"value":1,"value_for_database":1}],"name":"CACHE","connection_id":61489704,"line":100,"filename":"c:/Sites/musc/app/views/trainings/show.html.erb","method":"_app_views_trainings_show_html_erb__991672286_103192980"},"time":"2017-01-29T19:24:30.197+01:00","transaction_id":"e9532a58139ec756f2f5","end":"2017-01-29T19:24:30.198+01:00","children":[],"duration":0.9990000000000001},{"name":"sql.active_record","payload":{"sql":"SELECT \"thrills\".* FROM \"thrills\" WHERE \"thrills\".\"training_id\" = ? AND ('2017-01-29' \u003c= thrills.thrilldate)","name":"Thrill Load","connection_id":61489704,"statement_name":null,"binds":[{"name":"training_id","value_before_type_cast":1,"type":{"precision":null,"scale":null,"limit":null,"range":"-2147483648...2147483648"},"original_attribute":null,"value":1,"value_for_database":1}],"line":133,"filename":"c:/Sites/musc/app/views/trainings/show.html.erb","method":"_app_views_trainings_show_html_erb__991672286_103192980"},"time":"2017-01-29T19:24:30.200+01:00","transaction_id":"120e3cd236d64ba749d0","end":"2017-01-29T19:24:30.202+01:00","children":[],"duration":2.003},{"name":"sql.active_record","payload":{"sql":"SELECT \"thrills\".* FROM \"thrills\" WHERE \"thrills\".\"training_id\" = ? AND ('2017-01-29' \u003c= thrilldate)","name":"Thrill Load","connection_id":61489704,"statement_name":null,"binds":[{"name":"training_id","value_before_type_cast":1,"type":{"precision":null,"scale":null,"limit":null,"range":"-2147483648...2147483648"},"original_attribute":null,"value":1,"value_for_database":1}],"line":136,"filename":"c:/Sites/musc/app/views/trainings/show.html.erb","method":"_app_views_trainings_show_html_erb__991672286_103192980"},"time":"2017-01-29T19:24:30.204+01:00","transaction_id":"120e3cd236d64ba749d0","end":"2017-01-29T19:24:30.206+01:00","children":[],"duration":2.0},{"name":"sql.active_record","payload":{"sql":"SELECT \"reservations\".* FROM \"reservations\" WHERE \"reservations\".\"thrill_id\" = ? AND (status == 't')","name":"Reservation Load","connection_id":61489704,"statement_name":null,"binds":[{"name":"thrill_id","value_before_type_cast":17,"type":{"precision":null,"scale":null,"limit":null,"range":"-2147483648...2147483648"},"original_attribute":null,"value":17,"value_for_database":17}],"line":142,"filename":"c:/Sites/musc/app/views/trainings/show.html.erb","method":"block in _app_views_trainings_show_html_erb__991672286_103192980"},"time":"2017-01-29T19:24:30.210+01:00","transaction_id":"120e3cd236d64ba749d0","end":"2017-01-29T19:24:30.211+01:00","children":[],"duration":1.001},{"name":"sql.active_record","payload":{"sql":"SELECT \"reservations\".* FROM \"reservations\" WHERE (thrill_id = 17 AND user_id = 1 AND status == 't')","name":"Reservation Load","connection_id":61489704,"statement_name":null,"binds":[],"line":147,"filename":"c:/Sites/musc/app/views/trainings/show.html.erb","method":"block in _app_views_trainings_show_html_erb__991672286_103192980"},"time":"2017-01-29T19:24:30.213+01:00","transaction_id":"120e3cd236d64ba749d0","end":"2017-01-29T19:24:30.214+01:00","children":[],"duration":1.001},{"name":"sql.active_record","payload":{"sql":"SELECT \"reservations\".* FROM \"reservations\" WHERE \"reservations\".\"thrill_id\" = ? AND (status == 't')","name":"Reservation Load","connection_id":61489704,"statement_name":null,"binds":[{"name":"thrill_id","value_before_type_cast":18,"type":{"precision":null,"scale":null,"limit":null,"range":"-2147483648...2147483648"},"original_attribute":null,"value":18,"value_for_database":18}],"line":142,"filename":"c:/Sites/musc/app/views/trainings/show.html.erb","method":"block in _app_views_trainings_show_html_erb__991672286_103192980"},"time":"2017-01-29T19:24:30.217+01:00","transaction_id":"120e3cd236d64ba749d0","end":"2017-01-29T19:24:30.219+01:00","children":[],"duration":2.005},{"name":"sql.active_record","payload":{"sql":"SELECT \"reservations\".* FROM \"reservations\" WHERE (thrill_id = 18 AND user_id = 1 AND status == 't')","name":"Reservation Load","connection_id":61489704,"statement_name":null,"binds":[],"line":147,"filename":"c:/Sites/musc/app/views/trainings/show.html.erb","method":"block in _app_views_trainings_show_html_erb__991672286_103192980"},"time":"2017-01-29T19:24:30.221+01:00","transaction_id":"120e3cd236d64ba749d0","end":"2017-01-29T19:24:30.222+01:00","children":[],"duration":1.003},{"name":"sql.active_record","payload":{"sql":"SELECT \"reservations\".* FROM \"reservations\" WHERE \"reservations\".\"thrill_id\" = ? AND (status == 't')","binds":[{"name":"thrill_id","value_before_type_cast":18,"type":{"precision":null,"scale":null,"limit":null,"range":"-2147483648...2147483648"},"original_attribute":null,"value":18,"value_for_database":18}],"name":"CACHE","connection_id":61489704,"line":149,"filename":"c:/Sites/musc/app/views/trainings/show.html.erb","method":"block in _app_views_trainings_show_html_erb__991672286_103192980"},"time":"2017-01-29T19:24:30.225+01:00","transaction_id":"e9532a58139ec756f2f5","end":"2017-01-29T19:24:30.226+01:00","children":[],"duration":0.9990000000000001},{"name":"sql.active_record","payload":{"sql":"SELECT \"reservations\".* FROM \"reservations\" WHERE \"reservations\".\"thrill_id\" = ? AND (status == 't')","name":"Reservation Load","connection_id":61489704,"statement_name":null,"binds":[{"name":"thrill_id","value_before_type_cast":19,"type":{"precision":null,"scale":null,"limit":null,"range":"-2147483648...2147483648"},"original_attribute":null,"value":19,"value_for_database":19}],"line":142,"filename":"c:/Sites/musc/app/views/trainings/show.html.erb","method":"block in _app_views_trainings_show_html_erb__991672286_103192980"},"time":"2017-01-29T19:24:30.229+01:00","transaction_id":"120e3cd236d64ba749d0","end":"2017-01-29T19:24:30.232+01:00","children":[],"duration":3.0},{"name":"sql.active_record","payload":{"sql":"SELECT \"reservations\".* FROM \"reservations\" WHERE (thrill_id = 19 AND user_id = 1 AND status == 't')","name":"Reservation Load","connection_id":61489704,"statement_name":null,"binds":[],"line":147,"filename":"c:/Sites/musc/app/views/trainings/show.html.erb","method":"block in _app_views_trainings_show_html_erb__991672286_103192980"},"time":"2017-01-29T19:24:30.234+01:00","transaction_id":"120e3cd236d64ba749d0","end":"2017-01-29T19:24:30.235+01:00","children":[],"duration":1.0},{"name":"sql.active_record","payload":{"sql":"SELECT \"reservations\".* FROM \"reservations\" WHERE \"reservations\".\"thrill_id\" = ? AND (status == 't')","binds":[{"name":"thrill_id","value_before_type_cast":19,"type":{"precision":null,"scale":null,"limit":null,"range":"-2147483648...2147483648"},"original_attribute":null,"value":19,"value_for_database":19}],"name":"CACHE","connection_id":61489704,"line":149,"filename":"c:/Sites/musc/app/views/trainings/show.html.erb","method":"block in _app_views_trainings_show_html_erb__991672286_103192980"},"time":"2017-01-29T19:24:30.236+01:00","transaction_id":"e9532a58139ec756f2f5","end":"2017-01-29T19:24:30.237+01:00","children":[],"duration":1.001},{"name":"sql.active_record","payload":{"sql":"SELECT \"reservations\".* FROM \"reservations\" WHERE \"reservations\".\"thrill_id\" = ? AND (status == 't')","name":"Reservation Load","connection_id":61489704,"statement_name":null,"binds":[{"name":"thrill_id","value_before_type_cast":20,"type":{"precision":null,"scale":null,"limit":null,"range":"-2147483648...2147483648"},"original_attribute":null,"value":20,"value_for_database":20}],"line":142,"filename":"c:/Sites/musc/app/views/trainings/show.html.erb","method":"block in _app_views_trainings_show_html_erb__991672286_103192980"},"time":"2017-01-29T19:24:30.242+01:00","transaction_id":"120e3cd236d64ba749d0","end":"2017-01-29T19:24:30.243+01:00","children":[],"duration":1.004},{"name":"sql.active_record","payload":{"sql":"SELECT \"reservations\".* FROM \"reservations\" WHERE (thrill_id = 20 AND user_id = 1 AND status == 't')","name":"Reservation Load","connection_id":61489704,"statement_name":null,"binds":[],"line":147,"filename":"c:/Sites/musc/app/views/trainings/show.html.erb","method":"block in _app_views_trainings_show_html_erb__991672286_103192980"},"time":"2017-01-29T19:24:30.245+01:00","transaction_id":"120e3cd236d64ba749d0","end":"2017-01-29T19:24:30.246+01:00","children":[],"duration":1.001},{"name":"sql.active_record","payload":{"sql":"SELECT \"reservations\".* FROM \"reservations\" WHERE \"reservations\".\"thrill_id\" = ? AND (status == 't')","binds":[{"name":"thrill_id","value_before_type_cast":20,"type":{"precision":null,"scale":null,"limit":null,"range":"-2147483648...2147483648"},"original_attribute":null,"value":20,"value_for_database":20}],"name":"CACHE","connection_id":61489704,"line":149,"filename":"c:/Sites/musc/app/views/trainings/show.html.erb","method":"block in _app_views_trainings_show_html_erb__991672286_103192980"},"time":"2017-01-29T19:24:30.248+01:00","transaction_id":"e9532a58139ec756f2f5","end":"2017-01-29T19:24:30.250+01:00","children":[],"duration":2.0010000000000003},{"name":"sql.active_record","payload":{"sql":"SELECT \"reservations\".* FROM \"reservations\" WHERE \"reservations\".\"thrill_id\" = ? AND (status == 't')","name":"Reservation Load","connection_id":61489704,"statement_name":null,"binds":[{"name":"thrill_id","value_before_type_cast":22,"type":{"precision":null,"scale":null,"limit":null,"range":"-2147483648...2147483648"},"original_attribute":null,"value":22,"value_for_database":22}],"line":142,"filename":"c:/Sites/musc/app/views/trainings/show.html.erb","method":"block in _app_views_trainings_show_html_erb__991672286_103192980"},"time":"2017-01-29T19:24:30.253+01:00","transaction_id":"120e3cd236d64ba749d0","end":"2017-01-29T19:24:30.254+01:00","children":[],"duration":1.0},{"name":"sql.active_record","payload":{"sql":"SELECT \"reservations\".* FROM \"reservations\" WHERE (thrill_id = 22 AND user_id = 1 AND status == 't')","name":"Reservation Load","connection_id":61489704,"statement_name":null,"binds":[],"line":147,"filename":"c:/Sites/musc/app/views/trainings/show.html.erb","method":"block in _app_views_trainings_show_html_erb__991672286_103192980"},"time":"2017-01-29T19:24:30.257+01:00","transaction_id":"120e3cd236d64ba749d0","end":"2017-01-29T19:24:30.259+01:00","children":[],"duration":2.0010000000000003},{"name":"sql.active_record","payload":{"sql":"SELECT \"reservations\".* FROM \"reservations\" WHERE \"reservations\".\"thrill_id\" = ? AND (status == 't')","binds":[{"name":"thrill_id","value_before_type_cast":22,"type":{"precision":null,"scale":null,"limit":null,"range":"-2147483648...2147483648"},"original_attribute":null,"value":22,"value_for_database":22}],"name":"CACHE","connection_id":61489704,"line":149,"filename":"c:/Sites/musc/app/views/trainings/show.html.erb","method":"block in _app_views_trainings_show_html_erb__991672286_103192980"},"time":"2017-01-29T19:24:30.260+01:00","transaction_id":"e9532a58139ec756f2f5","end":"2017-01-29T19:24:30.262+01:00","children":[],"duration":2.002},{"name":"sql.active_record","payload":{"sql":"SELECT \"reservations\".* FROM \"reservations\" WHERE \"reservations\".\"thrill_id\" = ? AND (status == 't')","name":"Reservation Load","connection_id":61489704,"statement_name":null,"binds":[{"name":"thrill_id","value_before_type_cast":30,"type":{"precision":null,"scale":null,"limit":null,"range":"-2147483648...2147483648"},"original_attribute":null,"value":30,"value_for_database":30}],"line":142,"filename":"c:/Sites/musc/app/views/trainings/show.html.erb","method":"block in _app_views_trainings_show_html_erb__991672286_103192980"},"time":"2017-01-29T19:24:30.265+01:00","transaction_id":"120e3cd236d64ba749d0","end":"2017-01-29T19:24:30.267+01:00","children":[],"duration":2.0010000000000003},{"name":"sql.active_record","payload":{"sql":"SELECT \"reservations\".* FROM \"reservations\" WHERE (thrill_id = 30 AND user_id = 1 AND status == 't')","name":"Reservation Load","connection_id":61489704,"statement_name":null,"binds":[],"line":147,"filename":"c:/Sites/musc/app/views/trainings/show.html.erb","method":"block in _app_views_trainings_show_html_erb__991672286_103192980"},"time":"2017-01-29T19:24:30.268+01:00","transaction_id":"120e3cd236d64ba749d0","end":"2017-01-29T19:24:30.270+01:00","children":[],"duration":2.002},{"name":"sql.active_record","payload":{"sql":"SELECT \"reservations\".* FROM \"reservations\" WHERE \"reservations\".\"thrill_id\" = ? AND (status == 't')","binds":[{"name":"thrill_id","value_before_type_cast":30,"type":{"precision":null,"scale":null,"limit":null,"range":"-2147483648...2147483648"},"original_attribute":null,"value":30,"value_for_database":30}],"name":"CACHE","connection_id":61489704,"line":149,"filename":"c:/Sites/musc/app/views/trainings/show.html.erb","method":"block in _app_views_trainings_show_html_erb__991672286_103192980"},"time":"2017-01-29T19:24:30.272+01:00","transaction_id":"e9532a58139ec756f2f5","end":"2017-01-29T19:24:30.275+01:00","children":[],"duration":2.508},{"name":"sql.active_record","payload":{"sql":"SELECT \"reservations\".* FROM \"reservations\" WHERE \"reservations\".\"thrill_id\" = ? AND (status == 't')","name":"Reservation Load","connection_id":61489704,"statement_name":null,"binds":[{"name":"thrill_id","value_before_type_cast":37,"type":{"precision":null,"scale":null,"limit":null,"range":"-2147483648...2147483648"},"original_attribute":null,"value":37,"value_for_database":37}],"line":142,"filename":"c:/Sites/musc/app/views/trainings/show.html.erb","method":"block in _app_views_trainings_show_html_erb__991672286_103192980"},"time":"2017-01-29T19:24:30.280+01:00","transaction_id":"120e3cd236d64ba749d0","end":"2017-01-29T19:24:30.281+01:00","children":[],"duration":1.5},{"name":"sql.active_record","payload":{"sql":"SELECT \"reservations\".* FROM \"reservations\" WHERE (thrill_id = 37 AND user_id = 1 AND status == 't')","name":"Reservation Load","connection_id":61489704,"statement_name":null,"binds":[],"line":147,"filename":"c:/Sites/musc/app/views/trainings/show.html.erb","method":"block in _app_views_trainings_show_html_erb__991672286_103192980"},"time":"2017-01-29T19:24:30.283+01:00","transaction_id":"120e3cd236d64ba749d0","end":"2017-01-29T19:24:30.284+01:00","children":[],"duration":1.501},{"name":"sql.active_record","payload":{"sql":"SELECT \"reservations\".* FROM \"reservations\" WHERE \"reservations\".\"thrill_id\" = ? AND (status == 't')","binds":[{"name":"thrill_id","value_before_type_cast":37,"type":{"precision":null,"scale":null,"limit":null,"range":"-2147483648...2147483648"},"original_attribute":null,"value":37,"value_for_database":37}],"name":"CACHE","connection_id":61489704,"line":149,"filename":"c:/Sites/musc/app/views/trainings/show.html.erb","method":"block in _app_views_trainings_show_html_erb__991672286_103192980"},"time":"2017-01-29T19:24:30.286+01:00","transaction_id":"e9532a58139ec756f2f5","end":"2017-01-29T19:24:30.288+01:00","children":[],"duration":1.502},{"name":"sql.active_record","payload":{"sql":"SELECT COUNT(*) FROM \"reviews\" WHERE \"reviews\".\"training_id\" = ?","binds":[{"name":"training_id","value_before_type_cast":1,"type":{"precision":null,"scale":null,"limit":null,"range":"-2147483648...2147483648"},"original_attribute":null,"value":1,"value_for_database":1}],"name":"CACHE","connection_id":61489704,"line":171,"filename":"c:/Sites/musc/app/views/trainings/show.html.erb","method":"_app_views_trainings_show_html_erb__991672286_103192980"},"time":"2017-01-29T19:24:30.291+01:00","transaction_id":"e9532a58139ec756f2f5","end":"2017-01-29T19:24:30.293+01:00","children":[],"duration":2.0},{"name":"sql.active_record","payload":{"sql":"SELECT \"reviews\".* FROM \"reviews\" WHERE \"reviews\".\"training_id\" = ?","name":"Review Load","connection_id":61489704,"statement_name":null,"binds":[{"name":"training_id","value_before_type_cast":1,"type":{"precision":null,"scale":null,"limit":null,"range":"-2147483648...2147483648"},"original_attribute":null,"value":1,"value_for_database":1}],"line":1,"filename":"c:/Sites/musc/app/views/reviews/_list.html.erb","method":"_app_views_reviews__list_html_erb__622101656_90135720"},"time":"2017-01-29T19:24:30.320+01:00","transaction_id":"120e3cd236d64ba749d0","end":"2017-01-29T19:24:30.321+01:00","children":[],"duration":1.001},{"name":"sql.active_record","payload":{"sql":"SELECT \"reviews\".* FROM \"reviews\" WHERE \"reviews\".\"training_id\" = ? ORDER BY id desc","name":"Review Load","connection_id":61489704,"statement_name":null,"binds":[{"name":"training_id","value_before_type_cast":1,"type":{"precision":null,"scale":null,"limit":null,"range":"-2147483648...2147483648"},"original_attribute":null,"value":1,"value_for_database":1}],"line":5,"filename":"c:/Sites/musc/app/views/reviews/_list.html.erb","method":"_app_views_reviews__list_html_erb__622101656_90135720"},"time":"2017-01-29T19:24:30.325+01:00","transaction_id":"120e3cd236d64ba749d0","end":"2017-01-29T19:24:30.327+01:00","children":[],"duration":1.9980000000000002},{"name":"sql.active_record","payload":{"sql":"SELECT  \"users\".* FROM \"users\" WHERE \"users\".\"id\" = ? LIMIT ?","binds":[{"name":"id","value_before_type_cast":1,"type":{"precision":null,"scale":null,"limit":null,"range":"-2147483648...2147483648"},"original_attribute":null,"value":1,"value_for_database":1},{"name":"LIMIT","value_before_type_cast":1,"type":{"precision":null,"scale":null,"limit":null},"original_attribute":null,"value":1}],"name":"CACHE","connection_id":61489704,"line":10,"filename":"c:/Sites/musc/app/views/reviews/_list.html.erb","method":"block in _app_views_reviews__list_html_erb__622101656_90135720"},"time":"2017-01-29T19:24:30.329+01:00","transaction_id":"e9532a58139ec756f2f5","end":"2017-01-29T19:24:30.331+01:00","children":[],"duration":2.0010000000000003},{"name":"render_partial.action_view","payload":{"identifier":"c:/Sites/musc/app/views/reviews/_list.html.erb"},"time":"2017-01-29T19:24:30.318+01:00","transaction_id":"e9532a58139ec756f2f5","end":"2017-01-29T19:24:30.334+01:00","children":[],"duration":16.011999999999997},{"name":"sql.active_record","payload":{"sql":"SELECT trainings.*, (69.09332411348201 * ABS(trainings.latitude - 52.0853423) * 0.7071067811865475) + (59.836573914187355 * ABS(trainings.longitude - 4.3302515) * 0.7071067811865475) AS distance, CASE WHEN (trainings.latitude \u003e= 52.0853423 AND trainings.longitude \u003e= 4.3302515) THEN  45.0 WHEN (trainings.latitude \u003c  52.0853423 AND trainings.longitude \u003e= 4.3302515) THEN 135.0 WHEN (trainings.latitude \u003c  52.0853423 AND trainings.longitude \u003c  4.3302515) THEN 225.0 WHEN (trainings.latitude \u003e= 52.0853423 AND trainings.longitude \u003c  4.3302515) THEN 315.0 END AS bearing FROM \"trainings\" WHERE (trainings.latitude BETWEEN 52.01297640844458 AND 52.15770819155542 AND trainings.longitude BETWEEN 4.212485158388344 AND 4.448017841611656 AND trainings.id != 1) ORDER BY distance ASC","name":"Training Load","connection_id":61489704,"statement_name":null,"binds":[],"line":224,"filename":"c:/Sites/musc/app/views/trainings/show.html.erb","method":"_app_views_trainings_show_html_erb__991672286_103192980"},"time":"2017-01-29T19:24:30.335+01:00","transaction_id":"120e3cd236d64ba749d0","end":"2017-01-29T19:24:30.337+01:00","children":[],"duration":2.0010000000000003},{"name":"sql.active_record","payload":{"sql":"SELECT COUNT(*) FROM \"reviews\" WHERE \"reviews\".\"training_id\" = ?","binds":[{"name":"training_id","value_before_type_cast":1,"type":{"precision":null,"scale":null,"limit":null,"range":"-2147483648...2147483648"},"original_attribute":null,"value":1,"value_for_database":1}],"name":"CACHE","connection_id":61489704,"line":36,"filename":"c:/Sites/musc/app/models/training.rb","method":"average_rating"},"time":"2017-01-29T19:24:30.339+01:00","transaction_id":"e9532a58139ec756f2f5","end":"2017-01-29T19:24:30.342+01:00","children":[],"duration":3.0010000000000003},{"name":"sql.active_record","payload":{"sql":"SELECT AVG(\"reviews\".\"star\") FROM \"reviews\" WHERE \"reviews\".\"training_id\" = ?","binds":[{"name":"training_id","value_before_type_cast":1,"type":{"precision":null,"scale":null,"limit":null,"range":"-2147483648...2147483648"},"original_attribute":null,"value":1,"value_for_database":1}],"name":"CACHE","connection_id":61489704,"line":36,"filename":"c:/Sites/musc/app/models/training.rb","method":"average_rating"},"time":"2017-01-29T19:24:30.344+01:00","transaction_id":"e9532a58139ec756f2f5","end":"2017-01-29T19:24:30.344+01:00","children":[],"duration":0.0},{"name":"render_template.action_view","payload":{"identifier":"c:/Sites/musc/app/views/trainings/show.html.erb","layout":"layouts/application"},"time":"2017-01-29T19:24:30.170+01:00","transaction_id":"e9532a58139ec756f2f5","end":"2017-01-29T19:24:30.346+01:00","children":[],"duration":176.155},{"name":"render_partial.action_view","payload":{"identifier":"c:/Sites/musc/app/views/shared/_navbar.html.erb"},"time":"2017-01-29T19:24:30.686+01:00","transaction_id":"e9532a58139ec756f2f5","end":"2017-01-29T19:24:30.691+01:00","children":[],"duration":5.492999999999999},{"name":"render_partial.action_view","payload":{"identifier":"c:/Sites/musc/app/views/shared/_message.html.erb"},"time":"2017-01-29T19:24:30.715+01:00","transaction_id":"e9532a58139ec756f2f5","end":"2017-01-29T19:24:30.717+01:00","children":[],"duration":2.021},{"name":"process_action.action_controller","payload":{"controller":"TrainingsController","action":"show","params":{"controller":"trainings","action":"show","id":"1"},"headers":"Not JSON Encodable","format":"html","method":"GET","path":"/trainings/1","status":200,"view_runtime":656.28667399967,"db_runtime":12.514999999999997},"time":"2017-01-29T19:24:29.994+01:00","transaction_id":"e9532a58139ec756f2f5","end":"2017-01-29T19:24:30.718+01:00","children":[],"duration":723.101}]