[{"name":"sql.active_record","payload":{"sql":"SELECT  \"users\".* FROM \"users\" WHERE \"users\".\"id\" = ? ORDER BY \"users\".\"id\" ASC LIMIT ?","name":"User Load","connection_id":109520196,"statement_name":null,"binds":[{"name":"id","value_before_type_cast":1,"type":{"precision":null,"scale":null,"limit":null,"range":"-2147483648...2147483648"},"original_attribute":null,"value":1,"value_for_database":1},{"name":"LIMIT","value_before_type_cast":1,"type":{"precision":null,"scale":null,"limit":null},"original_attribute":null,"value":1}],"line":30,"filename":"c:/Sites/musc/app/views/pages/home.html.erb","method":"_app_views_pages_home_html_erb___313773509_105525828"},"time":"2017-01-29T19:23:53.467+01:00","transaction_id":"120e3cd236d64ba749d0","end":"2017-01-29T19:23:53.469+01:00","children":[],"duration":2.5010000000000003},{"name":"sql.active_record","payload":{"sql":"SELECT  \"trainings\".* FROM \"trainings\" LIMIT ?","name":"Training Load","connection_id":109520196,"statement_name":null,"binds":[{"name":"LIMIT","value_before_type_cast":3,"type":{"precision":null,"scale":null,"limit":null},"original_attribute":null,"value":3}],"line":43,"filename":"c:/Sites/musc/app/views/pages/home.html.erb","method":"_app_views_pages_home_html_erb___313773509_105525828"},"time":"2017-01-29T19:23:53.471+01:00","transaction_id":"120e3cd236d64ba749d0","end":"2017-01-29T19:23:53.474+01:00","children":[],"duration":3.008},{"name":"sql.active_record","payload":{"sql":"SELECT \"photos\".* FROM \"photos\" WHERE \"photos\".\"training_id\" = ?","name":"Photo Load","connection_id":109520196,"statement_name":null,"binds":[{"name":"training_id","value_before_type_cast":1,"type":{"precision":null,"scale":null,"limit":null,"range":"-2147483648...2147483648"},"original_attribute":null,"value":1,"value_for_database":1}],"line":46,"filename":"c:/Sites/musc/app/views/pages/home.html.erb","method":"block in _app_views_pages_home_html_erb___313773509_105525828"},"time":"2017-01-29T19:23:53.477+01:00","transaction_id":"120e3cd236d64ba749d0","end":"2017-01-29T19:23:53.478+01:00","children":[],"duration":1.002},{"name":"render_template.action_view","payload":{"identifier":"c:/Sites/musc/app/views/pages/home.html.erb","layout":"layouts/application"},"time":"2017-01-29T19:23:53.463+01:00","transaction_id":"f0a0e6c7be412bb912bb","end":"2017-01-29T19:23:53.485+01:00","children":[],"duration":22.521},{"name":"render_partial.action_view","payload":{"identifier":"c:/Sites/musc/app/views/shared/_navbar.html.erb"},"time":"2017-01-29T19:23:53.811+01:00","transaction_id":"f0a0e6c7be412bb912bb","end":"2017-01-29T19:23:53.814+01:00","children":[],"duration":2.983},{"name":"render_partial.action_view","payload":{"identifier":"c:/Sites/musc/app/views/shared/_message.html.erb"},"time":"2017-01-29T19:23:53.837+01:00","transaction_id":"f0a0e6c7be412bb912bb","end":"2017-01-29T19:23:53.838+01:00","children":[],"duration":1.002},{"name":"process_action.action_controller","payload":{"controller":"PagesController","action":"home","params":{"controller":"pages","action":"home"},"headers":"Not JSON Encodable","format":"html","method":"GET","path":"/","status":200,"view_runtime":486.90773499965184,"db_runtime":2.002},"time":"2017-01-29T19:23:53.323+01:00","transaction_id":"f0a0e6c7be412bb912bb","end":"2017-01-29T19:23:53.840+01:00","children":[],"duration":517.22}]