[{"name":"process_action.action_controller","payload":{"controller":"ReservationsController","action":"notify","params":{"id":"tr_R4uRJs4WzF","controller":"reservations","action":"notify"},"headers":"Not JSON Encodable","format":"*/*","method":"POST","path":"/notify","view_runtime":null,"db_runtime":0,"exception":["NoMethodError","undefined method `destroy' for nil:NilClass"],"exception_object":"undefined method `destroy' for nil:NilClass","status":"500"},"time":"2017-01-29T19:26:05.943+01:00","transaction_id":"120e3cd236d64ba749d0","end":"2017-01-29T19:26:06.146+01:00","children":[],"duration":202.646},{"name":"process_action.action_controller.exception","payload":{"call":"NoMethodError (undefined method `destroy' for nil:NilClass)"},"time":0,"transaction_id":null,"end":0,"children":[],"duration":0.0},{"name":"process_action.action_controller.exception","payload":{"call":"app/controllers/reservations_controller.rb:79:in `notify'"},"time":0,"transaction_id":null,"end":0,"children":[],"duration":0.0}]