[{"name":"sql.active_record","payload":{"sql":"SELECT  \"trainings\".* FROM \"trainings\" WHERE \"trainings\".\"id\" = ? LIMIT ?","name":"Training Load","connection_id":107661324,"statement_name":null,"binds":[{"name":"id","value_before_type_cast":"1","type":{"precision":null,"scale":null,"limit":null,"range":"-2147483648...2147483648"},"original_attribute":null,"value":"1","value_for_database":1},{"name":"LIMIT","value_before_type_cast":1,"type":{"precision":null,"scale":null,"limit":null},"original_attribute":null,"value":1}],"line":103,"filename":"c:/Sites/musc/app/controllers/trainings_controller.rb","method":"set_training"},"time":"2017-01-29T19:23:58.876+01:00","transaction_id":"e9532a58139ec756f2f5","end":"2017-01-29T19:23:58.879+01:00","children":[],"duration":3.005},{"name":"sql.active_record","payload":{"sql":"PRAGMA table_info(\"thrills\")","name":"SCHEMA","connection_id":107661324,"statement_name":null,"binds":[],"line":14,"filename":"c:/Sites/musc/app/controllers/trainings_controller.rb","method":"show"},"time":"2017-01-29T19:23:58.900+01:00","transaction_id":"e9532a58139ec756f2f5","end":"2017-01-29T19:23:58.900+01:00","children":[],"duration":0.5},{"name":"sql.active_record","payload":{"sql":"SELECT sql FROM\n                              (SELECT * FROM sqlite_master UNION ALL\n                               SELECT * FROM sqlite_temp_master)\n                            WHERE type='table' and name='thrills' ;","name":"SCHEMA","connection_id":107661324,"statement_name":null,"binds":[],"line":14,"filename":"c:/Sites/musc/app/controllers/trainings_controller.rb","method":"show"},"time":"2017-01-29T19:23:58.901+01:00","transaction_id":"e9532a58139ec756f2f5","end":"2017-01-29T19:23:58.902+01:00","children":[],"duration":0.502},{"name":"sql.active_record","payload":{"sql":"SELECT  \"users\".* FROM \"users\" WHERE \"users\".\"id\" = ? ORDER BY \"users\".\"id\" ASC LIMIT ?","name":"User Load","connection_id":107661324,"statement_name":null,"binds":[{"name":"id","value_before_type_cast":1,"type":{"precision":null,"scale":null,"limit":null,"range":"-2147483648...2147483648"},"original_attribute":null,"value":1,"value_for_database":1},{"name":"LIMIT","value_before_type_cast":1,"type":{"precision":null,"scale":null,"limit":null},"original_attribute":null,"value":1}],"line":24,"filename":"c:/Sites/musc/app/controllers/trainings_controller.rb","method":"show"},"time":"2017-01-29T19:23:58.908+01:00","transaction_id":"e9532a58139ec756f2f5","end":"2017-01-29T19:23:58.909+01:00","children":[],"duration":0.998},{"name":"sql.active_record","payload":{"sql":"PRAGMA table_info(\"reservations\")","name":"SCHEMA","connection_id":107661324,"statement_name":null,"binds":[],"line":24,"filename":"c:/Sites/musc/app/controllers/trainings_controller.rb","method":"show"},"time":"2017-01-29T19:23:58.929+01:00","transaction_id":"e9532a58139ec756f2f5","end":"2017-01-29T19:23:58.929+01:00","children":[],"duration":0.0},{"name":"sql.active_record","payload":{"sql":"SELECT sql FROM\n                              (SELECT * FROM sqlite_master UNION ALL\n                               SELECT * FROM sqlite_temp_master)\n                            WHERE type='table' and name='reservations' ;","name":"SCHEMA","connection_id":107661324,"statement_name":null,"binds":[],"line":24,"filename":"c:/Sites/musc/app/controllers/trainings_controller.rb","method":"show"},"time":"2017-01-29T19:23:58.930+01:00","transaction_id":"e9532a58139ec756f2f5","end":"2017-01-29T19:23:58.930+01:00","children":[],"duration":0.0},{"name":"sql.active_record","payload":{"sql":"SELECT name FROM sqlite_master WHERE type IN ('table','view') AND name \u003c\u003e 'sqlite_sequence'","name":"SCHEMA","connection_id":107661324,"statement_name":null,"binds":[],"line":24,"filename":"c:/Sites/musc/app/controllers/trainings_controller.rb","method":"show"},"time":"2017-01-29T19:23:58.933+01:00","transaction_id":"e9532a58139ec756f2f5","end":"2017-01-29T19:23:58.933+01:00","children":[],"duration":0.0},{"name":"sql.active_record","payload":{"sql":"PRAGMA table_info(\"thrills\")","name":"SCHEMA","connection_id":107661324,"statement_name":null,"binds":[],"line":24,"filename":"c:/Sites/musc/app/controllers/trainings_controller.rb","method":"show"},"time":"2017-01-29T19:23:58.934+01:00","transaction_id":"e9532a58139ec756f2f5","end":"2017-01-29T19:23:58.934+01:00","children":[],"duration":0.0},{"name":"sql.active_record","payload":{"sql":"SELECT sql FROM\n                              (SELECT * FROM sqlite_master UNION ALL\n                               SELECT * FROM sqlite_temp_master)\n                            WHERE type='table' and name='thrills' ;","name":"SCHEMA","connection_id":107661324,"statement_name":null,"binds":[],"line":24,"filename":"c:/Sites/musc/app/controllers/trainings_controller.rb","method":"show"},"time":"2017-01-29T19:23:58.935+01:00","transaction_id":"e9532a58139ec756f2f5","end":"2017-01-29T19:23:58.936+01:00","children":[],"duration":1.001},{"name":"sql.active_record","payload":{"sql":"SELECT \"thrills\".* FROM \"thrills\" INNER JOIN \"reservations\" ON \"reservations\".\"thrill_id\" = \"thrills\".\"id\" WHERE \"thrills\".\"training_id\" = ? AND \"reservations\".\"user_id\" = ?","name":"Thrill Load","connection_id":107661324,"statement_name":null,"binds":[{"name":"training_id","value_before_type_cast":1,"type":{"precision":null,"scale":null,"limit":null,"range":"-2147483648...2147483648"},"original_attribute":null,"value":1,"value_for_database":1},{"name":"user_id","value_before_type_cast":1,"type":{"precision":null,"scale":null,"limit":null,"range":"-2147483648...2147483648"},"original_attribute":null,"value":1,"value_for_database":1}],"line":24,"filename":"c:/Sites/musc/app/controllers/trainings_controller.rb","method":"show"},"time":"2017-01-29T19:23:58.938+01:00","transaction_id":"e9532a58139ec756f2f5","end":"2017-01-29T19:23:58.940+01:00","children":[],"duration":2.0010000000000003},{"name":"sql.active_record","payload":{"sql":"PRAGMA table_info(\"reviews\")","name":"SCHEMA","connection_id":107661324,"statement_name":null,"binds":[],"line":26,"filename":"c:/Sites/musc/app/controllers/trainings_controller.rb","method":"show"},"time":"2017-01-29T19:23:58.983+01:00","transaction_id":"e9532a58139ec756f2f5","end":"2017-01-29T19:23:58.983+01:00","children":[],"duration":0.0},{"name":"sql.active_record","payload":{"sql":"SELECT sql FROM\n                              (SELECT * FROM sqlite_master UNION ALL\n                               SELECT * FROM sqlite_temp_master)\n                            WHERE type='table' and name='reviews' ;","name":"SCHEMA","connection_id":107661324,"statement_name":null,"binds":[],"line":26,"filename":"c:/Sites/musc/app/controllers/trainings_controller.rb","method":"show"},"time":"2017-01-29T19:23:58.985+01:00","transaction_id":"e9532a58139ec756f2f5","end":"2017-01-29T19:23:58.986+01:00","children":[],"duration":0.9970000000000001},{"name":"sql.active_record","payload":{"sql":"SELECT  \"reviews\".* FROM \"reviews\" WHERE \"reviews\".\"training_id\" = ? AND \"reviews\".\"user_id\" = ? LIMIT ?","name":"Review Load","connection_id":107661324,"statement_name":null,"binds":[{"name":"training_id","value_before_type_cast":1,"type":{"precision":null,"scale":null,"limit":null,"range":"-2147483648...2147483648"},"original_attribute":null,"value":1,"value_for_database":1},{"name":"user_id","value_before_type_cast":1,"type":{"precision":null,"scale":null,"limit":null,"range":"-2147483648...2147483648"},"original_attribute":null,"value":1,"value_for_database":1},{"name":"LIMIT","value_before_type_cast":1,"type":{"precision":null,"scale":null,"limit":null},"original_attribute":null,"value":1}],"line":27,"filename":"c:/Sites/musc/app/controllers/trainings_controller.rb","method":"show"},"time":"2017-01-29T19:23:58.989+01:00","transaction_id":"e9532a58139ec756f2f5","end":"2017-01-29T19:23:58.992+01:00","children":[],"duration":3.007},{"name":"sql.active_record","payload":{"sql":"PRAGMA table_info(\"reviews\")","name":"SCHEMA","connection_id":107661324,"statement_name":null,"binds":[],"line":27,"filename":"c:/Sites/musc/app/controllers/trainings_controller.rb","method":"show"},"time":"2017-01-29T19:23:58.994+01:00","transaction_id":"e9532a58139ec756f2f5","end":"2017-01-29T19:23:58.994+01:00","children":[],"duration":0.5},{"name":"sql.active_record","payload":{"sql":"SELECT sql FROM\n                              (SELECT * FROM sqlite_master UNION ALL\n                               SELECT * FROM sqlite_temp_master)\n                            WHERE type='table' and name='reviews' ;","name":"SCHEMA","connection_id":107661324,"statement_name":null,"binds":[],"line":27,"filename":"c:/Sites/musc/app/controllers/trainings_controller.rb","method":"show"},"time":"2017-01-29T19:23:58.995+01:00","transaction_id":"e9532a58139ec756f2f5","end":"2017-01-29T19:23:58.995+01:00","children":[],"duration":0.501},{"name":"sql.active_record","payload":{"sql":"SELECT \"photos\".* FROM \"photos\" WHERE \"photos\".\"training_id\" = ?","name":"Photo Load","connection_id":107661324,"statement_name":null,"binds":[{"name":"training_id","value_before_type_cast":1,"type":{"precision":null,"scale":null,"limit":null,"range":"-2147483648...2147483648"},"original_attribute":null,"value":1,"value_for_database":1}],"line":14,"filename":"c:/Sites/musc/app/views/trainings/show.html.erb","method":"_app_views_trainings_show_html_erb__991672286_114585408"},"time":"2017-01-29T19:23:59.151+01:00","transaction_id":"e9532a58139ec756f2f5","end":"2017-01-29T19:23:59.152+01:00","children":[],"duration":1.001},{"name":"sql.active_record","payload":{"sql":"SELECT  \"users\".* FROM \"users\" WHERE \"users\".\"id\" = ? LIMIT ?","name":"User Load","connection_id":107661324,"statement_name":null,"binds":[{"name":"id","value_before_type_cast":1,"type":{"precision":null,"scale":null,"limit":null,"range":"-2147483648...2147483648"},"original_attribute":null,"value":1,"value_for_database":1},{"name":"LIMIT","value_before_type_cast":1,"type":{"precision":null,"scale":null,"limit":null},"original_attribute":null,"value":1}],"line":60,"filename":"c:/Sites/musc/app/views/trainings/show.html.erb","method":"_app_views_trainings_show_html_erb__991672286_114585408"},"time":"2017-01-29T19:23:59.160+01:00","transaction_id":"e9532a58139ec756f2f5","end":"2017-01-29T19:23:59.162+01:00","children":[],"duration":1.9989999999999999},{"name":"sql.active_record","payload":{"sql":"SELECT COUNT(*) FROM \"reviews\" WHERE \"reviews\".\"training_id\" = ?","name":null,"connection_id":107661324,"statement_name":null,"binds":[{"name":"training_id","value_before_type_cast":1,"type":{"precision":null,"scale":null,"limit":null,"range":"-2147483648...2147483648"},"original_attribute":null,"value":1,"value_for_database":1}],"line":64,"filename":"c:/Sites/musc/app/views/trainings/show.html.erb","method":"_app_views_trainings_show_html_erb__991672286_114585408"},"time":"2017-01-29T19:23:59.165+01:00","transaction_id":"e9532a58139ec756f2f5","end":"2017-01-29T19:23:59.166+01:00","children":[],"duration":1.0},{"name":"sql.active_record","payload":{"sql":"SELECT COUNT(*) FROM \"reviews\" WHERE \"reviews\".\"training_id\" = ?","binds":[{"name":"training_id","value_before_type_cast":1,"type":{"precision":null,"scale":null,"limit":null,"range":"-2147483648...2147483648"},"original_attribute":null,"value":1,"value_for_database":1}],"name":"CACHE","connection_id":107661324,"line":36,"filename":"c:/Sites/musc/app/models/training.rb","method":"average_rating"},"time":"2017-01-29T19:23:59.170+01:00","transaction_id":"62697bb9b2ea1c87f45d","end":"2017-01-29T19:23:59.171+01:00","children":[],"duration":1.001},{"name":"sql.active_record","payload":{"sql":"SELECT AVG(\"reviews\".\"star\") FROM \"reviews\" WHERE \"reviews\".\"training_id\" = ?","name":null,"connection_id":107661324,"statement_name":null,"binds":[{"name":"training_id","value_before_type_cast":1,"type":{"precision":null,"scale":null,"limit":null,"range":"-2147483648...2147483648"},"original_attribute":null,"value":1,"value_for_database":1}],"line":36,"filename":"c:/Sites/musc/app/models/training.rb","method":"average_rating"},"time":"2017-01-29T19:23:59.175+01:00","transaction_id":"e9532a58139ec756f2f5","end":"2017-01-29T19:23:59.177+01:00","children":[],"duration":2.0},{"name":"sql.active_record","payload":{"sql":"SELECT COUNT(*) FROM \"reviews\" WHERE \"reviews\".\"training_id\" = ?","binds":[{"name":"training_id","value_before_type_cast":1,"type":{"precision":null,"scale":null,"limit":null,"range":"-2147483648...2147483648"},"original_attribute":null,"value":1,"value_for_database":1}],"name":"CACHE","connection_id":107661324,"line":100,"filename":"c:/Sites/musc/app/views/trainings/show.html.erb","method":"_app_views_trainings_show_html_erb__991672286_114585408"},"time":"2017-01-29T19:23:59.179+01:00","transaction_id":"62697bb9b2ea1c87f45d","end":"2017-01-29T19:23:59.180+01:00","children":[],"duration":0.9990000000000001},{"name":"sql.active_record","payload":{"sql":"SELECT \"thrills\".* FROM \"thrills\" WHERE \"thrills\".\"training_id\" = ? AND ('2017-01-29' \u003c= thrills.thrilldate)","name":"Thrill Load","connection_id":107661324,"statement_name":null,"binds":[{"name":"training_id","value_before_type_cast":1,"type":{"precision":null,"scale":null,"limit":null,"range":"-2147483648...2147483648"},"original_attribute":null,"value":1,"value_for_database":1}],"line":133,"filename":"c:/Sites/musc/app/views/trainings/show.html.erb","method":"_app_views_trainings_show_html_erb__991672286_114585408"},"time":"2017-01-29T19:23:59.182+01:00","transaction_id":"e9532a58139ec756f2f5","end":"2017-01-29T19:23:59.185+01:00","children":[],"duration":3.002},{"name":"sql.active_record","payload":{"sql":"SELECT \"thrills\".* FROM \"thrills\" WHERE \"thrills\".\"training_id\" = ? AND ('2017-01-29' \u003c= thrilldate)","name":"Thrill Load","connection_id":107661324,"statement_name":null,"binds":[{"name":"training_id","value_before_type_cast":1,"type":{"precision":null,"scale":null,"limit":null,"range":"-2147483648...2147483648"},"original_attribute":null,"value":1,"value_for_database":1}],"line":136,"filename":"c:/Sites/musc/app/views/trainings/show.html.erb","method":"_app_views_trainings_show_html_erb__991672286_114585408"},"time":"2017-01-29T19:23:59.187+01:00","transaction_id":"e9532a58139ec756f2f5","end":"2017-01-29T19:23:59.189+01:00","children":[],"duration":2.002},{"name":"sql.active_record","payload":{"sql":"SELECT \"reservations\".* FROM \"reservations\" WHERE \"reservations\".\"thrill_id\" = ? AND (status == 't')","name":"Reservation Load","connection_id":107661324,"statement_name":null,"binds":[{"name":"thrill_id","value_before_type_cast":17,"type":{"precision":null,"scale":null,"limit":null,"range":"-2147483648...2147483648"},"original_attribute":null,"value":17,"value_for_database":17}],"line":142,"filename":"c:/Sites/musc/app/views/trainings/show.html.erb","method":"block in _app_views_trainings_show_html_erb__991672286_114585408"},"time":"2017-01-29T19:23:59.194+01:00","transaction_id":"e9532a58139ec756f2f5","end":"2017-01-29T19:23:59.196+01:00","children":[],"duration":2.002},{"name":"sql.active_record","payload":{"sql":"SELECT \"reservations\".* FROM \"reservations\" WHERE (thrill_id = 17 AND user_id = 1 AND status == 't')","name":"Reservation Load","connection_id":107661324,"statement_name":null,"binds":[],"line":147,"filename":"c:/Sites/musc/app/views/trainings/show.html.erb","method":"block in _app_views_trainings_show_html_erb__991672286_114585408"},"time":"2017-01-29T19:23:59.197+01:00","transaction_id":"e9532a58139ec756f2f5","end":"2017-01-29T19:23:59.200+01:00","children":[],"duration":2.503},{"name":"sql.active_record","payload":{"sql":"SELECT \"reservations\".* FROM \"reservations\" WHERE \"reservations\".\"thrill_id\" = ? AND (status == 't')","binds":[{"name":"thrill_id","value_before_type_cast":17,"type":{"precision":null,"scale":null,"limit":null,"range":"-2147483648...2147483648"},"original_attribute":null,"value":17,"value_for_database":17}],"name":"CACHE","connection_id":107661324,"line":149,"filename":"c:/Sites/musc/app/views/trainings/show.html.erb","method":"block in _app_views_trainings_show_html_erb__991672286_114585408"},"time":"2017-01-29T19:23:59.202+01:00","transaction_id":"62697bb9b2ea1c87f45d","end":"2017-01-29T19:23:59.203+01:00","children":[],"duration":0.9990000000000001},{"name":"sql.active_record","payload":{"sql":"SELECT \"reservations\".* FROM \"reservations\" WHERE \"reservations\".\"thrill_id\" = ? AND (status == 't')","name":"Reservation Load","connection_id":107661324,"statement_name":null,"binds":[{"name":"thrill_id","value_before_type_cast":18,"type":{"precision":null,"scale":null,"limit":null,"range":"-2147483648...2147483648"},"original_attribute":null,"value":18,"value_for_database":18}],"line":142,"filename":"c:/Sites/musc/app/views/trainings/show.html.erb","method":"block in _app_views_trainings_show_html_erb__991672286_114585408"},"time":"2017-01-29T19:23:59.206+01:00","transaction_id":"e9532a58139ec756f2f5","end":"2017-01-29T19:23:59.208+01:00","children":[],"duration":2.5100000000000002},{"name":"sql.active_record","payload":{"sql":"SELECT \"reservations\".* FROM \"reservations\" WHERE (thrill_id = 18 AND user_id = 1 AND status == 't')","name":"Reservation Load","connection_id":107661324,"statement_name":null,"binds":[],"line":147,"filename":"c:/Sites/musc/app/views/trainings/show.html.erb","method":"block in _app_views_trainings_show_html_erb__991672286_114585408"},"time":"2017-01-29T19:23:59.209+01:00","transaction_id":"e9532a58139ec756f2f5","end":"2017-01-29T19:23:59.211+01:00","children":[],"duration":2.0},{"name":"sql.active_record","payload":{"sql":"SELECT \"reservations\".* FROM \"reservations\" WHERE \"reservations\".\"thrill_id\" = ? AND (status == 't')","binds":[{"name":"thrill_id","value_before_type_cast":18,"type":{"precision":null,"scale":null,"limit":null,"range":"-2147483648...2147483648"},"original_attribute":null,"value":18,"value_for_database":18}],"name":"CACHE","connection_id":107661324,"line":149,"filename":"c:/Sites/musc/app/views/trainings/show.html.erb","method":"block in _app_views_trainings_show_html_erb__991672286_114585408"},"time":"2017-01-29T19:23:59.212+01:00","transaction_id":"62697bb9b2ea1c87f45d","end":"2017-01-29T19:23:59.214+01:00","children":[],"duration":2.0010000000000003},{"name":"sql.active_record","payload":{"sql":"SELECT \"reservations\".* FROM \"reservations\" WHERE \"reservations\".\"thrill_id\" = ? AND (status == 't')","name":"Reservation Load","connection_id":107661324,"statement_name":null,"binds":[{"name":"thrill_id","value_before_type_cast":19,"type":{"precision":null,"scale":null,"limit":null,"range":"-2147483648...2147483648"},"original_attribute":null,"value":19,"value_for_database":19}],"line":142,"filename":"c:/Sites/musc/app/views/trainings/show.html.erb","method":"block in _app_views_trainings_show_html_erb__991672286_114585408"},"time":"2017-01-29T19:23:59.217+01:00","transaction_id":"e9532a58139ec756f2f5","end":"2017-01-29T19:23:59.219+01:00","children":[],"duration":1.9980000000000002},{"name":"sql.active_record","payload":{"sql":"SELECT \"reservations\".* FROM \"reservations\" WHERE (thrill_id = 19 AND user_id = 1 AND status == 't')","name":"Reservation Load","connection_id":107661324,"statement_name":null,"binds":[],"line":147,"filename":"c:/Sites/musc/app/views/trainings/show.html.erb","method":"block in _app_views_trainings_show_html_erb__991672286_114585408"},"time":"2017-01-29T19:23:59.220+01:00","transaction_id":"e9532a58139ec756f2f5","end":"2017-01-29T19:23:59.221+01:00","children":[],"duration":1.002},{"name":"sql.active_record","payload":{"sql":"SELECT \"reservations\".* FROM \"reservations\" WHERE \"reservations\".\"thrill_id\" = ? AND (status == 't')","binds":[{"name":"thrill_id","value_before_type_cast":19,"type":{"precision":null,"scale":null,"limit":null,"range":"-2147483648...2147483648"},"original_attribute":null,"value":19,"value_for_database":19}],"name":"CACHE","connection_id":107661324,"line":149,"filename":"c:/Sites/musc/app/views/trainings/show.html.erb","method":"block in _app_views_trainings_show_html_erb__991672286_114585408"},"time":"2017-01-29T19:23:59.224+01:00","transaction_id":"62697bb9b2ea1c87f45d","end":"2017-01-29T19:23:59.225+01:00","children":[],"duration":1.0},{"name":"sql.active_record","payload":{"sql":"SELECT \"reservations\".* FROM \"reservations\" WHERE \"reservations\".\"thrill_id\" = ? AND (status == 't')","name":"Reservation Load","connection_id":107661324,"statement_name":null,"binds":[{"name":"thrill_id","value_before_type_cast":20,"type":{"precision":null,"scale":null,"limit":null,"range":"-2147483648...2147483648"},"original_attribute":null,"value":20,"value_for_database":20}],"line":142,"filename":"c:/Sites/musc/app/views/trainings/show.html.erb","method":"block in _app_views_trainings_show_html_erb__991672286_114585408"},"time":"2017-01-29T19:23:59.228+01:00","transaction_id":"e9532a58139ec756f2f5","end":"2017-01-29T19:23:59.230+01:00","children":[],"duration":2.0},{"name":"sql.active_record","payload":{"sql":"SELECT \"reservations\".* FROM \"reservations\" WHERE (thrill_id = 20 AND user_id = 1 AND status == 't')","name":"Reservation Load","connection_id":107661324,"statement_name":null,"binds":[],"line":147,"filename":"c:/Sites/musc/app/views/trainings/show.html.erb","method":"block in _app_views_trainings_show_html_erb__991672286_114585408"},"time":"2017-01-29T19:23:59.231+01:00","transaction_id":"e9532a58139ec756f2f5","end":"2017-01-29T19:23:59.234+01:00","children":[],"duration":3.004},{"name":"sql.active_record","payload":{"sql":"SELECT \"reservations\".* FROM \"reservations\" WHERE \"reservations\".\"thrill_id\" = ? AND (status == 't')","binds":[{"name":"thrill_id","value_before_type_cast":20,"type":{"precision":null,"scale":null,"limit":null,"range":"-2147483648...2147483648"},"original_attribute":null,"value":20,"value_for_database":20}],"name":"CACHE","connection_id":107661324,"line":149,"filename":"c:/Sites/musc/app/views/trainings/show.html.erb","method":"block in _app_views_trainings_show_html_erb__991672286_114585408"},"time":"2017-01-29T19:23:59.235+01:00","transaction_id":"62697bb9b2ea1c87f45d","end":"2017-01-29T19:23:59.236+01:00","children":[],"duration":1.001},{"name":"sql.active_record","payload":{"sql":"SELECT \"reservations\".* FROM \"reservations\" WHERE \"reservations\".\"thrill_id\" = ? AND (status == 't')","name":"Reservation Load","connection_id":107661324,"statement_name":null,"binds":[{"name":"thrill_id","value_before_type_cast":22,"type":{"precision":null,"scale":null,"limit":null,"range":"-2147483648...2147483648"},"original_attribute":null,"value":22,"value_for_database":22}],"line":142,"filename":"c:/Sites/musc/app/views/trainings/show.html.erb","method":"block in _app_views_trainings_show_html_erb__991672286_114585408"},"time":"2017-01-29T19:23:59.241+01:00","transaction_id":"e9532a58139ec756f2f5","end":"2017-01-29T19:23:59.244+01:00","children":[],"duration":3.0},{"name":"sql.active_record","payload":{"sql":"SELECT \"reservations\".* FROM \"reservations\" WHERE (thrill_id = 22 AND user_id = 1 AND status == 't')","name":"Reservation Load","connection_id":107661324,"statement_name":null,"binds":[],"line":147,"filename":"c:/Sites/musc/app/views/trainings/show.html.erb","method":"block in _app_views_trainings_show_html_erb__991672286_114585408"},"time":"2017-01-29T19:23:59.246+01:00","transaction_id":"e9532a58139ec756f2f5","end":"2017-01-29T19:23:59.247+01:00","children":[],"duration":1.001},{"name":"sql.active_record","payload":{"sql":"SELECT \"reservations\".* FROM \"reservations\" WHERE \"reservations\".\"thrill_id\" = ? AND (status == 't')","binds":[{"name":"thrill_id","value_before_type_cast":22,"type":{"precision":null,"scale":null,"limit":null,"range":"-2147483648...2147483648"},"original_attribute":null,"value":22,"value_for_database":22}],"name":"CACHE","connection_id":107661324,"line":149,"filename":"c:/Sites/musc/app/views/trainings/show.html.erb","method":"block in _app_views_trainings_show_html_erb__991672286_114585408"},"time":"2017-01-29T19:23:59.248+01:00","transaction_id":"62697bb9b2ea1c87f45d","end":"2017-01-29T19:23:59.249+01:00","children":[],"duration":1.0},{"name":"sql.active_record","payload":{"sql":"SELECT \"reservations\".* FROM \"reservations\" WHERE \"reservations\".\"thrill_id\" = ? AND (status == 't')","name":"Reservation Load","connection_id":107661324,"statement_name":null,"binds":[{"name":"thrill_id","value_before_type_cast":30,"type":{"precision":null,"scale":null,"limit":null,"range":"-2147483648...2147483648"},"original_attribute":null,"value":30,"value_for_database":30}],"line":142,"filename":"c:/Sites/musc/app/views/trainings/show.html.erb","method":"block in _app_views_trainings_show_html_erb__991672286_114585408"},"time":"2017-01-29T19:23:59.253+01:00","transaction_id":"e9532a58139ec756f2f5","end":"2017-01-29T19:23:59.254+01:00","children":[],"duration":1.001},{"name":"sql.active_record","payload":{"sql":"SELECT \"reservations\".* FROM \"reservations\" WHERE (thrill_id = 30 AND user_id = 1 AND status == 't')","name":"Reservation Load","connection_id":107661324,"statement_name":null,"binds":[],"line":147,"filename":"c:/Sites/musc/app/views/trainings/show.html.erb","method":"block in _app_views_trainings_show_html_erb__991672286_114585408"},"time":"2017-01-29T19:23:59.256+01:00","transaction_id":"e9532a58139ec756f2f5","end":"2017-01-29T19:23:59.259+01:00","children":[],"duration":3.002},{"name":"sql.active_record","payload":{"sql":"SELECT \"reservations\".* FROM \"reservations\" WHERE \"reservations\".\"thrill_id\" = ? AND (status == 't')","binds":[{"name":"thrill_id","value_before_type_cast":30,"type":{"precision":null,"scale":null,"limit":null,"range":"-2147483648...2147483648"},"original_attribute":null,"value":30,"value_for_database":30}],"name":"CACHE","connection_id":107661324,"line":149,"filename":"c:/Sites/musc/app/views/trainings/show.html.erb","method":"block in _app_views_trainings_show_html_erb__991672286_114585408"},"time":"2017-01-29T19:23:59.261+01:00","transaction_id":"62697bb9b2ea1c87f45d","end":"2017-01-29T19:23:59.263+01:00","children":[],"duration":2.004},{"name":"sql.active_record","payload":{"sql":"SELECT \"reservations\".* FROM \"reservations\" WHERE \"reservations\".\"thrill_id\" = ? AND (status == 't')","name":"Reservation Load","connection_id":107661324,"statement_name":null,"binds":[{"name":"thrill_id","value_before_type_cast":37,"type":{"precision":null,"scale":null,"limit":null,"range":"-2147483648...2147483648"},"original_attribute":null,"value":37,"value_for_database":37}],"line":142,"filename":"c:/Sites/musc/app/views/trainings/show.html.erb","method":"block in _app_views_trainings_show_html_erb__991672286_114585408"},"time":"2017-01-29T19:23:59.266+01:00","transaction_id":"e9532a58139ec756f2f5","end":"2017-01-29T19:23:59.268+01:00","children":[],"duration":2.0010000000000003},{"name":"sql.active_record","payload":{"sql":"SELECT \"reservations\".* FROM \"reservations\" WHERE (thrill_id = 37 AND user_id = 1 AND status == 't')","name":"Reservation Load","connection_id":107661324,"statement_name":null,"binds":[],"line":147,"filename":"c:/Sites/musc/app/views/trainings/show.html.erb","method":"block in _app_views_trainings_show_html_erb__991672286_114585408"},"time":"2017-01-29T19:23:59.269+01:00","transaction_id":"e9532a58139ec756f2f5","end":"2017-01-29T19:23:59.272+01:00","children":[],"duration":3.002},{"name":"sql.active_record","payload":{"sql":"SELECT \"reservations\".* FROM \"reservations\" WHERE \"reservations\".\"thrill_id\" = ? AND (status == 't')","binds":[{"name":"thrill_id","value_before_type_cast":37,"type":{"precision":null,"scale":null,"limit":null,"range":"-2147483648...2147483648"},"original_attribute":null,"value":37,"value_for_database":37}],"name":"CACHE","connection_id":107661324,"line":149,"filename":"c:/Sites/musc/app/views/trainings/show.html.erb","method":"block in _app_views_trainings_show_html_erb__991672286_114585408"},"time":"2017-01-29T19:23:59.274+01:00","transaction_id":"62697bb9b2ea1c87f45d","end":"2017-01-29T19:23:59.275+01:00","children":[],"duration":1.001},{"name":"sql.active_record","payload":{"sql":"SELECT COUNT(*) FROM \"reviews\" WHERE \"reviews\".\"training_id\" = ?","binds":[{"name":"training_id","value_before_type_cast":1,"type":{"precision":null,"scale":null,"limit":null,"range":"-2147483648...2147483648"},"original_attribute":null,"value":1,"value_for_database":1}],"name":"CACHE","connection_id":107661324,"line":171,"filename":"c:/Sites/musc/app/views/trainings/show.html.erb","method":"_app_views_trainings_show_html_erb__991672286_114585408"},"time":"2017-01-29T19:23:59.278+01:00","transaction_id":"62697bb9b2ea1c87f45d","end":"2017-01-29T19:23:59.279+01:00","children":[],"duration":1.001},{"name":"sql.active_record","payload":{"sql":"SELECT \"reviews\".* FROM \"reviews\" WHERE \"reviews\".\"training_id\" = ?","name":"Review Load","connection_id":107661324,"statement_name":null,"binds":[{"name":"training_id","value_before_type_cast":1,"type":{"precision":null,"scale":null,"limit":null,"range":"-2147483648...2147483648"},"original_attribute":null,"value":1,"value_for_database":1}],"line":1,"filename":"c:/Sites/musc/app/views/reviews/_list.html.erb","method":"_app_views_reviews__list_html_erb__622101656_112174740"},"time":"2017-01-29T19:23:59.308+01:00","transaction_id":"e9532a58139ec756f2f5","end":"2017-01-29T19:23:59.309+01:00","children":[],"duration":1.0},{"name":"sql.active_record","payload":{"sql":"SELECT \"reviews\".* FROM \"reviews\" WHERE \"reviews\".\"training_id\" = ? ORDER BY id desc","name":"Review Load","connection_id":107661324,"statement_name":null,"binds":[{"name":"training_id","value_before_type_cast":1,"type":{"precision":null,"scale":null,"limit":null,"range":"-2147483648...2147483648"},"original_attribute":null,"value":1,"value_for_database":1}],"line":5,"filename":"c:/Sites/musc/app/views/reviews/_list.html.erb","method":"_app_views_reviews__list_html_erb__622101656_112174740"},"time":"2017-01-29T19:23:59.311+01:00","transaction_id":"e9532a58139ec756f2f5","end":"2017-01-29T19:23:59.313+01:00","children":[],"duration":2.0010000000000003},{"name":"sql.active_record","payload":{"sql":"SELECT  \"users\".* FROM \"users\" WHERE \"users\".\"id\" = ? LIMIT ?","binds":[{"name":"id","value_before_type_cast":1,"type":{"precision":null,"scale":null,"limit":null,"range":"-2147483648...2147483648"},"original_attribute":null,"value":1,"value_for_database":1},{"name":"LIMIT","value_before_type_cast":1,"type":{"precision":null,"scale":null,"limit":null},"original_attribute":null,"value":1}],"name":"CACHE","connection_id":107661324,"line":10,"filename":"c:/Sites/musc/app/views/reviews/_list.html.erb","method":"block in _app_views_reviews__list_html_erb__622101656_112174740"},"time":"2017-01-29T19:23:59.320+01:00","transaction_id":"62697bb9b2ea1c87f45d","end":"2017-01-29T19:23:59.321+01:00","children":[],"duration":0.9990000000000001},{"name":"render_partial.action_view","payload":{"identifier":"c:/Sites/musc/app/views/reviews/_list.html.erb"},"time":"2017-01-29T19:23:59.305+01:00","transaction_id":"62697bb9b2ea1c87f45d","end":"2017-01-29T19:23:59.326+01:00","children":[],"duration":21.478},{"name":"sql.active_record","payload":{"sql":"SELECT trainings.*, (69.09332411348201 * ABS(trainings.latitude - 52.0853423) * 0.7071067811865475) + (59.836573914187355 * ABS(trainings.longitude - 4.3302515) * 0.7071067811865475) AS distance, CASE WHEN (trainings.latitude \u003e= 52.0853423 AND trainings.longitude \u003e= 4.3302515) THEN  45.0 WHEN (trainings.latitude \u003c  52.0853423 AND trainings.longitude \u003e= 4.3302515) THEN 135.0 WHEN (trainings.latitude \u003c  52.0853423 AND trainings.longitude \u003c  4.3302515) THEN 225.0 WHEN (trainings.latitude \u003e= 52.0853423 AND trainings.longitude \u003c  4.3302515) THEN 315.0 END AS bearing FROM \"trainings\" WHERE (trainings.latitude BETWEEN 52.01297640844458 AND 52.15770819155542 AND trainings.longitude BETWEEN 4.212485158388344 AND 4.448017841611656 AND trainings.id != 1) ORDER BY distance ASC","name":"Training Load","connection_id":107661324,"statement_name":null,"binds":[],"line":224,"filename":"c:/Sites/musc/app/views/trainings/show.html.erb","method":"_app_views_trainings_show_html_erb__991672286_114585408"},"time":"2017-01-29T19:23:59.327+01:00","transaction_id":"e9532a58139ec756f2f5","end":"2017-01-29T19:23:59.329+01:00","children":[],"duration":2.0},{"name":"sql.active_record","payload":{"sql":"SELECT COUNT(*) FROM \"reviews\" WHERE \"reviews\".\"training_id\" = ?","binds":[{"name":"training_id","value_before_type_cast":1,"type":{"precision":null,"scale":null,"limit":null,"range":"-2147483648...2147483648"},"original_attribute":null,"value":1,"value_for_database":1}],"name":"CACHE","connection_id":107661324,"line":36,"filename":"c:/Sites/musc/app/models/training.rb","method":"average_rating"},"time":"2017-01-29T19:23:59.331+01:00","transaction_id":"62697bb9b2ea1c87f45d","end":"2017-01-29T19:23:59.332+01:00","children":[],"duration":1.001},{"name":"sql.active_record","payload":{"sql":"SELECT AVG(\"reviews\".\"star\") FROM \"reviews\" WHERE \"reviews\".\"training_id\" = ?","binds":[{"name":"training_id","value_before_type_cast":1,"type":{"precision":null,"scale":null,"limit":null,"range":"-2147483648...2147483648"},"original_attribute":null,"value":1,"value_for_database":1}],"name":"CACHE","connection_id":107661324,"line":36,"filename":"c:/Sites/musc/app/models/training.rb","method":"average_rating"},"time":"2017-01-29T19:23:59.333+01:00","transaction_id":"62697bb9b2ea1c87f45d","end":"2017-01-29T19:23:59.335+01:00","children":[],"duration":2.0010000000000003},{"name":"render_template.action_view","payload":{"identifier":"c:/Sites/musc/app/views/trainings/show.html.erb","layout":"layouts/application"},"time":"2017-01-29T19:23:59.146+01:00","transaction_id":"62697bb9b2ea1c87f45d","end":"2017-01-29T19:23:59.338+01:00","children":[],"duration":192.11700000000002},{"name":"render_partial.action_view","payload":{"identifier":"c:/Sites/musc/app/views/shared/_navbar.html.erb"},"time":"2017-01-29T19:23:59.668+01:00","transaction_id":"62697bb9b2ea1c87f45d","end":"2017-01-29T19:23:59.671+01:00","children":[],"duration":2.999},{"name":"render_partial.action_view","payload":{"identifier":"c:/Sites/musc/app/views/shared/_message.html.erb"},"time":"2017-01-29T19:23:59.697+01:00","transaction_id":"62697bb9b2ea1c87f45d","end":"2017-01-29T19:23:59.698+01:00","children":[],"duration":1.501},{"name":"process_action.action_controller","payload":{"controller":"TrainingsController","action":"show","params":{"controller":"trainings","action":"show","id":"1"},"headers":"Not JSON Encodable","format":"html","method":"GET","path":"/trainings/1","status":200,"view_runtime":648.2576990000314,"db_runtime":25.046},"time":"2017-01-29T19:23:58.872+01:00","transaction_id":"62697bb9b2ea1c87f45d","end":"2017-01-29T19:23:59.700+01:00","children":[],"duration":827.613}]