[{"name":"sql.active_record","payload":{"sql":"SELECT  \"users\".* FROM \"users\" WHERE \"users\".\"id\" = ? ORDER BY \"users\".\"id\" ASC LIMIT ?","name":"User Load","connection_id":107661324,"statement_name":null,"binds":[{"name":"id","value_before_type_cast":1,"type":{"precision":null,"scale":null,"limit":null,"range":"-2147483648...2147483648"},"original_attribute":null,"value":1,"value_for_database":1},{"name":"LIMIT","value_before_type_cast":1,"type":{"precision":null,"scale":null,"limit":null},"original_attribute":null,"value":1}]},"time":"2017-01-29T19:24:56.331+01:00","transaction_id":"e9532a58139ec756f2f5","end":"2017-01-29T19:24:56.333+01:00","children":[],"duration":1.9819999999999998},{"name":"sql.active_record","payload":{"sql":"SELECT  \"thrills\".* FROM \"thrills\" WHERE \"thrills\".\"id\" = ? LIMIT ?","name":"Thrill Load","connection_id":107661324,"statement_name":null,"binds":[{"name":"id","value_before_type_cast":"18","type":{"precision":null,"scale":null,"limit":null,"range":"-2147483648...2147483648"},"original_attribute":null,"value":"18","value_for_database":18},{"name":"LIMIT","value_before_type_cast":1,"type":{"precision":null,"scale":null,"limit":null},"original_attribute":null,"value":1}],"line":24,"filename":"c:/Sites/musc/app/controllers/reservations_controller.rb","method":"create"},"time":"2017-01-29T19:24:56.335+01:00","transaction_id":"e9532a58139ec756f2f5","end":"2017-01-29T19:24:56.337+01:00","children":[],"duration":2.02},{"name":"sql.active_record","payload":{"sql":"SELECT \"reservations\".* FROM \"reservations\" WHERE \"reservations\".\"thrill_id\" = ?","name":"Reservation Load","connection_id":107661324,"statement_name":null,"binds":[{"name":"thrill_id","value_before_type_cast":18,"type":{"precision":null,"scale":null,"limit":null,"range":"-2147483648...2147483648"},"original_attribute":null,"value":18,"value_for_database":18}],"line":25,"filename":"c:/Sites/musc/app/controllers/reservations_controller.rb","method":"create"},"time":"2017-01-29T19:24:56.342+01:00","transaction_id":"e9532a58139ec756f2f5","end":"2017-01-29T19:24:56.344+01:00","children":[],"duration":2.0010000000000003},{"name":"sql.active_record","payload":{"sql":"SELECT  \"trainings\".* FROM \"trainings\" WHERE \"trainings\".\"id\" = ? LIMIT ?","name":"Training Load","connection_id":107661324,"statement_name":null,"binds":[{"name":"id","value_before_type_cast":1,"type":{"precision":null,"scale":null,"limit":null,"range":"-2147483648...2147483648"},"original_attribute":null,"value":1,"value_for_database":1},{"name":"LIMIT","value_before_type_cast":1,"type":{"precision":null,"scale":null,"limit":null},"original_attribute":null,"value":1}],"line":25,"filename":"c:/Sites/musc/app/controllers/reservations_controller.rb","method":"create"},"time":"2017-01-29T19:24:56.346+01:00","transaction_id":"e9532a58139ec756f2f5","end":"2017-01-29T19:24:56.347+01:00","children":[],"duration":1.501},{"name":"sql.active_record","payload":{"sql":"begin transaction","name":null,"connection_id":107661324,"statement_name":null,"binds":[],"line":26,"filename":"c:/Sites/musc/app/controllers/reservations_controller.rb","method":"create"},"time":"2017-01-29T19:24:56.352+01:00","transaction_id":"e9532a58139ec756f2f5","end":"2017-01-29T19:24:56.353+01:00","children":[],"duration":1.5},{"name":"sql.active_record","payload":{"sql":"INSERT INTO \"reservations\" (\"user_id\", \"created_at\", \"updated_at\", \"thrill_id\") VALUES (?, ?, ?, ?)","name":"SQL","connection_id":107661324,"statement_name":null,"binds":[{"name":"user_id","value_before_type_cast":1,"type":{"precision":null,"scale":null,"limit":null,"range":"-2147483648...2147483648"},"original_attribute":null,"value":1,"value_for_database":1},{"name":"created_at","value_before_type_cast":"2017-01-29T18:24:56.355Z","type":{"precision":null,"scale":null,"limit":null},"original_attribute":null,"value":"2017-01-29T18:24:56.355Z","value_for_database":"2017-01-29T18:24:56.355Z"},{"name":"updated_at","value_before_type_cast":"2017-01-29T18:24:56.355Z","type":{"precision":null,"scale":null,"limit":null},"original_attribute":null,"value":"2017-01-29T18:24:56.355Z","value_for_database":"2017-01-29T18:24:56.355Z"},{"name":"thrill_id","value_before_type_cast":18,"type":{"precision":null,"scale":null,"limit":null,"range":"-2147483648...2147483648"},"original_attribute":null,"value":18,"value_for_database":18}],"line":26,"filename":"c:/Sites/musc/app/controllers/reservations_controller.rb","method":"create"},"time":"2017-01-29T19:24:56.357+01:00","transaction_id":"e9532a58139ec756f2f5","end":"2017-01-29T19:24:56.364+01:00","children":[],"duration":6.0489999999999995},{"name":"sql.active_record","payload":{"sql":"commit transaction","name":null,"connection_id":107661324,"statement_name":null,"binds":[],"line":26,"filename":"c:/Sites/musc/app/controllers/reservations_controller.rb","method":"create"},"time":"2017-01-29T19:24:56.367+01:00","transaction_id":"e9532a58139ec756f2f5","end":"2017-01-29T19:24:56.379+01:00","children":[],"duration":11.994},{"name":"sql.active_record","payload":{"sql":"SELECT  \"thrills\".* FROM \"thrills\" WHERE \"thrills\".\"id\" = ? LIMIT ?","name":"Thrill Load","connection_id":107661324,"statement_name":null,"binds":[{"name":"id","value_before_type_cast":18,"type":{"precision":null,"scale":null,"limit":null,"range":"-2147483648...2147483648"},"original_attribute":null,"value":18,"value_for_database":18},{"name":"LIMIT","value_before_type_cast":1,"type":{"precision":null,"scale":null,"limit":null},"original_attribute":null,"value":1}],"line":35,"filename":"c:/Sites/musc/app/controllers/reservations_controller.rb","method":"create"},"time":"2017-01-29T19:24:56.381+01:00","transaction_id":"e9532a58139ec756f2f5","end":"2017-01-29T19:24:56.382+01:00","children":[],"duration":1.001},{"name":"sql.active_record","payload":{"sql":"SELECT  \"trainings\".* FROM \"trainings\" WHERE \"trainings\".\"id\" = ? LIMIT ?","name":"Training Load","connection_id":107661324,"statement_name":null,"binds":[{"name":"id","value_before_type_cast":1,"type":{"precision":null,"scale":null,"limit":null,"range":"-2147483648...2147483648"},"original_attribute":null,"value":1,"value_for_database":1},{"name":"LIMIT","value_before_type_cast":1,"type":{"precision":null,"scale":null,"limit":null},"original_attribute":null,"value":1}],"line":35,"filename":"c:/Sites/musc/app/controllers/reservations_controller.rb","method":"create"},"time":"2017-01-29T19:24:56.386+01:00","transaction_id":"e9532a58139ec756f2f5","end":"2017-01-29T19:24:56.387+01:00","children":[],"duration":1.003},{"name":"sql.active_record","payload":{"sql":"begin transaction","name":null,"connection_id":107661324,"statement_name":null,"binds":[],"line":46,"filename":"c:/Sites/musc/app/controllers/reservations_controller.rb","method":"create"},"time":"2017-01-29T19:24:56.630+01:00","transaction_id":"e9532a58139ec756f2f5","end":"2017-01-29T19:24:56.635+01:00","children":[],"duration":5.008},{"name":"sql.active_record","payload":{"sql":"UPDATE \"reservations\" SET \"updated_at\" = ?, \"payid\" = ? WHERE \"reservations\".\"id\" = ?","name":"SQL","connection_id":107661324,"statement_name":null,"binds":[{"name":"updated_at","value_before_type_cast":"2017-01-29T18:24:56.638Z","type":{"precision":null,"scale":null,"limit":null},"original_attribute":null,"value":"2017-01-29T18:24:56.638Z","value_for_database":"2017-01-29T18:24:56.638Z"},{"name":"payid","value_before_type_cast":"tr_R4uRJs4WzF","type":{"precision":null,"scale":null,"limit":null},"original_attribute":null,"value":"tr_R4uRJs4WzF","value_for_database":"tr_R4uRJs4WzF"},{"name":"id","value_before_type_cast":59,"type":{"precision":null,"scale":null,"limit":null,"range":"-2147483648...2147483648"},"original_attribute":null,"value":59,"value_for_database":59}],"line":46,"filename":"c:/Sites/musc/app/controllers/reservations_controller.rb","method":"create"},"time":"2017-01-29T19:24:56.642+01:00","transaction_id":"e9532a58139ec756f2f5","end":"2017-01-29T19:24:56.652+01:00","children":[],"duration":10.508999999999999},{"name":"sql.active_record","payload":{"sql":"commit transaction","name":null,"connection_id":107661324,"statement_name":null,"binds":[],"line":46,"filename":"c:/Sites/musc/app/controllers/reservations_controller.rb","method":"create"},"time":"2017-01-29T19:24:56.658+01:00","transaction_id":"e9532a58139ec756f2f5","end":"2017-01-29T19:24:56.674+01:00","children":[],"duration":16.009},{"name":"process_action.action_controller","payload":{"controller":"ReservationsController","action":"create","params":{"_method":"post","authenticity_token":"kRId694vMhRW7UhYm/ncDhj7LgvfD0zbWz0+xEuEduiVNT6GC91xl4lLJ8NOROlMsrzIvJo/Tc6KbiPmDjSBBw==","controller":"reservations","action":"create","thrill_id":"18"},"headers":"Not JSON Encodable","format":"html","method":"POST","path":"/thrills/18/reservations","status":302,"view_runtime":null,"db_runtime":38.571},"time":"2017-01-29T19:24:56.329+01:00","transaction_id":"392ab6d0c6b1614195d5","end":"2017-01-29T19:24:56.676+01:00","children":[],"duration":346.257}]