[{"name":"sql.active_record","payload":{"sql":"SELECT  \"reservations\".* FROM \"reservations\" WHERE \"reservations\".\"id\" = ? LIMIT ?","name":"Reservation Load","connection_id":109520196,"statement_name":null,"binds":[{"name":"id","value_before_type_cast":"58","type":{"precision":null,"scale":null,"limit":null,"range":"-2147483648...2147483648"},"original_attribute":null,"value":"58","value_for_database":58},{"name":"LIMIT","value_before_type_cast":1,"type":{"precision":null,"scale":null,"limit":null},"original_attribute":null,"value":1}],"line":76,"filename":"c:/Sites/musc/app/controllers/reservations_controller.rb","method":"notify"},"time":"2017-01-29T19:24:16.799+01:00","transaction_id":"120e3cd236d64ba749d0","end":"2017-01-29T19:24:16.802+01:00","children":[],"duration":2.988},{"name":"sql.active_record","payload":{"sql":"begin transaction","name":null,"connection_id":109520196,"statement_name":null,"binds":[],"line":77,"filename":"c:/Sites/musc/app/controllers/reservations_controller.rb","method":"notify"},"time":"2017-01-29T19:24:16.803+01:00","transaction_id":"120e3cd236d64ba749d0","end":"2017-01-29T19:24:16.805+01:00","children":[],"duration":1.987},{"name":"sql.active_record","payload":{"sql":"UPDATE \"reservations\" SET \"status\" = ?, \"updated_at\" = ? WHERE \"reservations\".\"id\" = ?","name":"SQL","connection_id":109520196,"statement_name":null,"binds":[{"name":"status","value_before_type_cast":true,"type":{"precision":null,"scale":null,"limit":null},"original_attribute":null,"value":true,"value_for_database":true},{"name":"updated_at","value_before_type_cast":"2017-01-29T18:24:16.807Z","type":{"precision":null,"scale":null,"limit":null},"original_attribute":null,"value":"2017-01-29T18:24:16.807Z","value_for_database":"2017-01-29T18:24:16.807Z"},{"name":"id","value_before_type_cast":58,"type":{"precision":null,"scale":null,"limit":null,"range":"-2147483648...2147483648"},"original_attribute":null,"value":58,"value_for_database":58}],"line":77,"filename":"c:/Sites/musc/app/controllers/reservations_controller.rb","method":"notify"},"time":"2017-01-29T19:24:16.811+01:00","transaction_id":"120e3cd236d64ba749d0","end":"2017-01-29T19:24:16.815+01:00","children":[],"duration":4.0169999999999995},{"name":"sql.active_record","payload":{"sql":"commit transaction","name":null,"connection_id":109520196,"statement_name":null,"binds":[],"line":77,"filename":"c:/Sites/musc/app/controllers/reservations_controller.rb","method":"notify"},"time":"2017-01-29T19:24:16.817+01:00","transaction_id":"120e3cd236d64ba749d0","end":"2017-01-29T19:24:16.827+01:00","children":[],"duration":10.007},{"name":"render_template.action_view","payload":{"identifier":"text template","layout":null},"time":"2017-01-29T19:24:16.849+01:00","transaction_id":"62697bb9b2ea1c87f45d","end":"2017-01-29T19:24:16.850+01:00","children":[],"duration":1.018},{"name":"process_action.action_controller","payload":{"controller":"ReservationsController","action":"notify","params":{"id":"tr_xzSuENzuM7","controller":"reservations","action":"notify"},"headers":"Not JSON Encodable","format":"*/*","method":"POST","path":"/notify","status":200,"view_runtime":22.644447999937256,"db_runtime":11.026},"time":"2017-01-29T19:24:16.604+01:00","transaction_id":"62697bb9b2ea1c87f45d","end":"2017-01-29T19:24:16.851+01:00","children":[],"duration":247.392}]