[{"name":"sql.active_record","payload":{"sql":"SELECT  \"users\".* FROM \"users\" WHERE \"users\".\"id\" = ? ORDER BY \"users\".\"id\" ASC LIMIT ?","name":"User Load","connection_id":107710212,"statement_name":null,"binds":[{"name":"id","value_before_type_cast":1,"type":{"precision":null,"scale":null,"limit":null,"range":"-2147483648...2147483648"},"original_attribute":null,"value":1,"value_for_database":1},{"name":"LIMIT","value_before_type_cast":1,"type":{"precision":null,"scale":null,"limit":null},"original_attribute":null,"value":1}],"line":30,"filename":"c:/Sites/musc/app/views/pages/home.html.erb","method":"_app_views_pages_home_html_erb___313773509_113194896"},"time":"2017-01-29T19:24:26.595+01:00","transaction_id":"392ab6d0c6b1614195d5","end":"2017-01-29T19:24:26.597+01:00","children":[],"duration":2.0010000000000003},{"name":"sql.active_record","payload":{"sql":"SELECT  \"trainings\".* FROM \"trainings\" LIMIT ?","name":"Training Load","connection_id":107710212,"statement_name":null,"binds":[{"name":"LIMIT","value_before_type_cast":3,"type":{"precision":null,"scale":null,"limit":null},"original_attribute":null,"value":3}],"line":43,"filename":"c:/Sites/musc/app/views/pages/home.html.erb","method":"_app_views_pages_home_html_erb___313773509_113194896"},"time":"2017-01-29T19:24:26.601+01:00","transaction_id":"392ab6d0c6b1614195d5","end":"2017-01-29T19:24:26.603+01:00","children":[],"duration":1.997},{"name":"sql.active_record","payload":{"sql":"SELECT \"photos\".* FROM \"photos\" WHERE \"photos\".\"training_id\" = ?","name":"Photo Load","connection_id":107710212,"statement_name":null,"binds":[{"name":"training_id","value_before_type_cast":1,"type":{"precision":null,"scale":null,"limit":null,"range":"-2147483648...2147483648"},"original_attribute":null,"value":1,"value_for_database":1}],"line":46,"filename":"c:/Sites/musc/app/views/pages/home.html.erb","method":"block in _app_views_pages_home_html_erb___313773509_113194896"},"time":"2017-01-29T19:24:26.605+01:00","transaction_id":"392ab6d0c6b1614195d5","end":"2017-01-29T19:24:26.608+01:00","children":[],"duration":3.0010000000000003},{"name":"render_template.action_view","payload":{"identifier":"c:/Sites/musc/app/views/pages/home.html.erb","layout":"layouts/application"},"time":"2017-01-29T19:24:26.591+01:00","transaction_id":"120e3cd236d64ba749d0","end":"2017-01-29T19:24:26.612+01:00","children":[],"duration":21.017},{"name":"render_partial.action_view","payload":{"identifier":"c:/Sites/musc/app/views/shared/_navbar.html.erb"},"time":"2017-01-29T19:24:26.935+01:00","transaction_id":"120e3cd236d64ba749d0","end":"2017-01-29T19:24:26.938+01:00","children":[],"duration":3.0010000000000003},{"name":"render_partial.action_view","payload":{"identifier":"c:/Sites/musc/app/views/shared/_message.html.erb"},"time":"2017-01-29T19:24:26.961+01:00","transaction_id":"120e3cd236d64ba749d0","end":"2017-01-29T19:24:26.964+01:00","children":[],"duration":3.003},{"name":"process_action.action_controller","payload":{"controller":"PagesController","action":"home","params":{"controller":"pages","action":"home"},"headers":"Not JSON Encodable","format":"html","method":"GET","path":"/","status":200,"view_runtime":482.0266899999008,"db_runtime":4.001},"time":"2017-01-29T19:24:26.452+01:00","transaction_id":"120e3cd236d64ba749d0","end":"2017-01-29T19:24:26.965+01:00","children":[],"duration":513.4060000000001}]