[{"name":"sql.active_record","payload":{"sql":"SELECT  \"users\".* FROM \"users\" WHERE \"users\".\"id\" = ? ORDER BY \"users\".\"id\" ASC LIMIT ?","name":"User Load","connection_id":107661324,"statement_name":null,"binds":[{"name":"id","value_before_type_cast":1,"type":{"precision":null,"scale":null,"limit":null,"range":"-2147483648...2147483648"},"original_attribute":null,"value":1,"value_for_database":1},{"name":"LIMIT","value_before_type_cast":1,"type":{"precision":null,"scale":null,"limit":null},"original_attribute":null,"value":1}]},"time":"2017-01-29T19:24:17.502+01:00","transaction_id":"e9532a58139ec756f2f5","end":"2017-01-29T19:24:17.505+01:00","children":[],"duration":3.002},{"name":"sql.active_record","payload":{"sql":"SELECT \"reservations\".* FROM \"reservations\" INNER JOIN \"thrills\" ON \"thrills\".\"id\" = \"reservations\".\"thrill_id\" WHERE \"reservations\".\"user_id\" = ? AND ('2017-01-29' \u003c= thrills.thrilldate AND status == 't') ORDER BY thrills.thrilldate asc","name":"Reservation Load","connection_id":107661324,"statement_name":null,"binds":[{"name":"user_id","value_before_type_cast":1,"type":{"precision":null,"scale":null,"limit":null,"range":"-2147483648...2147483648"},"original_attribute":null,"value":1,"value_for_database":1}],"line":17,"filename":"c:/Sites/musc/app/views/reservations/your_trips.html.erb","method":"_app_views_reservations_your_trips_html_erb__959577781_57697200"},"time":"2017-01-29T19:24:17.656+01:00","transaction_id":"e9532a58139ec756f2f5","end":"2017-01-29T19:24:17.658+01:00","children":[],"duration":2.002},{"name":"sql.active_record","payload":{"sql":"SELECT  \"thrills\".* FROM \"thrills\" WHERE \"thrills\".\"id\" = ? LIMIT ?","name":"Thrill Load","connection_id":107661324,"statement_name":null,"binds":[{"name":"id","value_before_type_cast":17,"type":{"precision":null,"scale":null,"limit":null,"range":"-2147483648...2147483648"},"original_attribute":null,"value":17,"value_for_database":17},{"name":"LIMIT","value_before_type_cast":1,"type":{"precision":null,"scale":null,"limit":null},"original_attribute":null,"value":1}],"line":23,"filename":"c:/Sites/musc/app/views/reservations/your_trips.html.erb","method":"block in _app_views_reservations_your_trips_html_erb__959577781_57697200"},"time":"2017-01-29T19:24:17.660+01:00","transaction_id":"e9532a58139ec756f2f5","end":"2017-01-29T19:24:17.663+01:00","children":[],"duration":2.999},{"name":"sql.active_record","payload":{"sql":"SELECT  \"trainings\".* FROM \"trainings\" WHERE \"trainings\".\"id\" = ? LIMIT ?","name":"Training Load","connection_id":107661324,"statement_name":null,"binds":[{"name":"id","value_before_type_cast":1,"type":{"precision":null,"scale":null,"limit":null,"range":"-2147483648...2147483648"},"original_attribute":null,"value":1,"value_for_database":1},{"name":"LIMIT","value_before_type_cast":1,"type":{"precision":null,"scale":null,"limit":null},"original_attribute":null,"value":1}],"line":26,"filename":"c:/Sites/musc/app/views/reservations/your_trips.html.erb","method":"block in _app_views_reservations_your_trips_html_erb__959577781_57697200"},"time":"2017-01-29T19:24:17.665+01:00","transaction_id":"e9532a58139ec756f2f5","end":"2017-01-29T19:24:17.667+01:00","children":[],"duration":1.5},{"name":"sql.active_record","payload":{"sql":"SELECT \"photos\".* FROM \"photos\" WHERE \"photos\".\"training_id\" = ?","name":"Photo Load","connection_id":107661324,"statement_name":null,"binds":[{"name":"training_id","value_before_type_cast":1,"type":{"precision":null,"scale":null,"limit":null,"range":"-2147483648...2147483648"},"original_attribute":null,"value":1,"value_for_database":1}],"line":27,"filename":"c:/Sites/musc/app/views/reservations/your_trips.html.erb","method":"block (2 levels) in _app_views_reservations_your_trips_html_erb__959577781_57697200"},"time":"2017-01-29T19:24:17.670+01:00","transaction_id":"e9532a58139ec756f2f5","end":"2017-01-29T19:24:17.675+01:00","children":[],"duration":5.001},{"name":"sql.active_record","payload":{"sql":"SELECT  \"users\".* FROM \"users\" WHERE \"users\".\"id\" = ? LIMIT ?","name":"User Load","connection_id":107661324,"statement_name":null,"binds":[{"name":"id","value_before_type_cast":1,"type":{"precision":null,"scale":null,"limit":null,"range":"-2147483648...2147483648"},"original_attribute":null,"value":1,"value_for_database":1},{"name":"LIMIT","value_before_type_cast":1,"type":{"precision":null,"scale":null,"limit":null},"original_attribute":null,"value":1}],"line":37,"filename":"c:/Sites/musc/app/views/reservations/your_trips.html.erb","method":"block in _app_views_reservations_your_trips_html_erb__959577781_57697200"},"time":"2017-01-29T19:24:17.678+01:00","transaction_id":"e9532a58139ec756f2f5","end":"2017-01-29T19:24:17.680+01:00","children":[],"duration":1.503},{"name":"render_template.action_view","payload":{"identifier":"c:/Sites/musc/app/views/reservations/your_trips.html.erb","layout":"layouts/application"},"time":"2017-01-29T19:24:17.652+01:00","transaction_id":"392ab6d0c6b1614195d5","end":"2017-01-29T19:24:17.682+01:00","children":[],"duration":30.027},{"name":"render_partial.action_view","payload":{"identifier":"c:/Sites/musc/app/views/shared/_navbar.html.erb"},"time":"2017-01-29T19:24:18.020+01:00","transaction_id":"392ab6d0c6b1614195d5","end":"2017-01-29T19:24:18.024+01:00","children":[],"duration":4.002999999999999},{"name":"render_partial.action_view","payload":{"identifier":"c:/Sites/musc/app/views/shared/_message.html.erb"},"time":"2017-01-29T19:24:18.049+01:00","transaction_id":"392ab6d0c6b1614195d5","end":"2017-01-29T19:24:18.050+01:00","children":[],"duration":1.001},{"name":"process_action.action_controller","payload":{"controller":"ReservationsController","action":"your_trips","params":{"controller":"reservations","action":"your_trips"},"headers":"Not JSON Encodable","format":"html","method":"GET","path":"/your_trips","status":200,"view_runtime":509.5182069998379,"db_runtime":3.5030000000000006},"time":"2017-01-29T19:24:17.500+01:00","transaction_id":"392ab6d0c6b1614195d5","end":"2017-01-29T19:24:18.051+01:00","children":[],"duration":551.415}]