[{"name":"sql.active_record","payload":{"sql":"SELECT  \"users\".* FROM \"users\" WHERE \"users\".\"id\" = ? ORDER BY \"users\".\"id\" ASC LIMIT ?","name":"User Load","connection_id":108029760,"statement_name":null,"binds":[{"name":"id","value_before_type_cast":1,"type":{"precision":null,"scale":null,"limit":null,"range":"-2147483648...2147483648"},"original_attribute":null,"value":1,"value_for_database":1},{"name":"LIMIT","value_before_type_cast":1,"type":{"precision":null,"scale":null,"limit":null},"original_attribute":null,"value":1}]},"time":"2017-01-29T19:24:05.286+01:00","transaction_id":"120e3cd236d64ba749d0","end":"2017-01-29T19:24:05.290+01:00","children":[],"duration":4.002000000000001},{"name":"sql.active_record","payload":{"sql":"SELECT  \"thrills\".* FROM \"thrills\" WHERE \"thrills\".\"id\" = ? LIMIT ?","name":"Thrill Load","connection_id":108029760,"statement_name":null,"binds":[{"name":"id","value_before_type_cast":"17","type":{"precision":null,"scale":null,"limit":null,"range":"-2147483648...2147483648"},"original_attribute":null,"value":"17","value_for_database":17},{"name":"LIMIT","value_before_type_cast":1,"type":{"precision":null,"scale":null,"limit":null},"original_attribute":null,"value":1}],"line":24,"filename":"c:/Sites/musc/app/controllers/reservations_controller.rb","method":"create"},"time":"2017-01-29T19:24:05.293+01:00","transaction_id":"120e3cd236d64ba749d0","end":"2017-01-29T19:24:05.296+01:00","children":[],"duration":3.004},{"name":"sql.active_record","payload":{"sql":"SELECT \"reservations\".* FROM \"reservations\" WHERE \"reservations\".\"thrill_id\" = ?","name":"Reservation Load","connection_id":108029760,"statement_name":null,"binds":[{"name":"thrill_id","value_before_type_cast":17,"type":{"precision":null,"scale":null,"limit":null,"range":"-2147483648...2147483648"},"original_attribute":null,"value":17,"value_for_database":17}],"line":25,"filename":"c:/Sites/musc/app/controllers/reservations_controller.rb","method":"create"},"time":"2017-01-29T19:24:05.300+01:00","transaction_id":"120e3cd236d64ba749d0","end":"2017-01-29T19:24:05.303+01:00","children":[],"duration":3.016},{"name":"sql.active_record","payload":{"sql":"SELECT name FROM sqlite_master WHERE type IN ('table','view') AND name \u003c\u003e 'sqlite_sequence'","name":"SCHEMA","connection_id":108029760,"statement_name":null,"binds":[],"line":25,"filename":"c:/Sites/musc/app/controllers/reservations_controller.rb","method":"create"},"time":"2017-01-29T19:24:05.304+01:00","transaction_id":"120e3cd236d64ba749d0","end":"2017-01-29T19:24:05.305+01:00","children":[],"duration":0.998},{"name":"sql.active_record","payload":{"sql":"PRAGMA table_info(\"reservations\")","name":"SCHEMA","connection_id":108029760,"statement_name":null,"binds":[],"line":25,"filename":"c:/Sites/musc/app/controllers/reservations_controller.rb","method":"create"},"time":"2017-01-29T19:24:05.305+01:00","transaction_id":"120e3cd236d64ba749d0","end":"2017-01-29T19:24:05.306+01:00","children":[],"duration":1.001},{"name":"sql.active_record","payload":{"sql":"SELECT sql FROM\n                              (SELECT * FROM sqlite_master UNION ALL\n                               SELECT * FROM sqlite_temp_master)\n                            WHERE type='table' and name='reservations' ;","name":"SCHEMA","connection_id":108029760,"statement_name":null,"binds":[],"line":25,"filename":"c:/Sites/musc/app/controllers/reservations_controller.rb","method":"create"},"time":"2017-01-29T19:24:05.307+01:00","transaction_id":"120e3cd236d64ba749d0","end":"2017-01-29T19:24:05.308+01:00","children":[],"duration":1.001},{"name":"sql.active_record","payload":{"sql":"SELECT  \"trainings\".* FROM \"trainings\" WHERE \"trainings\".\"id\" = ? LIMIT ?","name":"Training Load","connection_id":108029760,"statement_name":null,"binds":[{"name":"id","value_before_type_cast":1,"type":{"precision":null,"scale":null,"limit":null,"range":"-2147483648...2147483648"},"original_attribute":null,"value":1,"value_for_database":1},{"name":"LIMIT","value_before_type_cast":1,"type":{"precision":null,"scale":null,"limit":null},"original_attribute":null,"value":1}],"line":25,"filename":"c:/Sites/musc/app/controllers/reservations_controller.rb","method":"create"},"time":"2017-01-29T19:24:05.324+01:00","transaction_id":"120e3cd236d64ba749d0","end":"2017-01-29T19:24:05.327+01:00","children":[],"duration":3.0},{"name":"sql.active_record","payload":{"sql":"begin transaction","name":null,"connection_id":108029760,"statement_name":null,"binds":[],"line":26,"filename":"c:/Sites/musc/app/controllers/reservations_controller.rb","method":"create"},"time":"2017-01-29T19:24:05.336+01:00","transaction_id":"120e3cd236d64ba749d0","end":"2017-01-29T19:24:05.337+01:00","children":[],"duration":1.0},{"name":"sql.active_record","payload":{"sql":"INSERT INTO \"reservations\" (\"user_id\", \"created_at\", \"updated_at\", \"thrill_id\") VALUES (?, ?, ?, ?)","name":"SQL","connection_id":108029760,"statement_name":null,"binds":[{"name":"user_id","value_before_type_cast":1,"type":{"precision":null,"scale":null,"limit":null,"range":"-2147483648...2147483648"},"original_attribute":null,"value":1,"value_for_database":1},{"name":"created_at","value_before_type_cast":"2017-01-29T18:24:05.344Z","type":{"precision":null,"scale":null,"limit":null},"original_attribute":null,"value":"2017-01-29T18:24:05.344Z","value_for_database":"2017-01-29T18:24:05.344Z"},{"name":"updated_at","value_before_type_cast":"2017-01-29T18:24:05.344Z","type":{"precision":null,"scale":null,"limit":null},"original_attribute":null,"value":"2017-01-29T18:24:05.344Z","value_for_database":"2017-01-29T18:24:05.344Z"},{"name":"thrill_id","value_before_type_cast":17,"type":{"precision":null,"scale":null,"limit":null,"range":"-2147483648...2147483648"},"original_attribute":null,"value":17,"value_for_database":17}],"line":26,"filename":"c:/Sites/musc/app/controllers/reservations_controller.rb","method":"create"},"time":"2017-01-29T19:24:05.345+01:00","transaction_id":"120e3cd236d64ba749d0","end":"2017-01-29T19:24:05.352+01:00","children":[],"duration":7.004},{"name":"sql.active_record","payload":{"sql":"commit transaction","name":null,"connection_id":108029760,"statement_name":null,"binds":[],"line":26,"filename":"c:/Sites/musc/app/controllers/reservations_controller.rb","method":"create"},"time":"2017-01-29T19:24:05.355+01:00","transaction_id":"120e3cd236d64ba749d0","end":"2017-01-29T19:24:05.367+01:00","children":[],"duration":12.011000000000001},{"name":"sql.active_record","payload":{"sql":"SELECT  \"thrills\".* FROM \"thrills\" WHERE \"thrills\".\"id\" = ? LIMIT ?","name":"Thrill Load","connection_id":108029760,"statement_name":null,"binds":[{"name":"id","value_before_type_cast":17,"type":{"precision":null,"scale":null,"limit":null,"range":"-2147483648...2147483648"},"original_attribute":null,"value":17,"value_for_database":17},{"name":"LIMIT","value_before_type_cast":1,"type":{"precision":null,"scale":null,"limit":null},"original_attribute":null,"value":1}],"line":35,"filename":"c:/Sites/musc/app/controllers/reservations_controller.rb","method":"create"},"time":"2017-01-29T19:24:05.430+01:00","transaction_id":"120e3cd236d64ba749d0","end":"2017-01-29T19:24:05.431+01:00","children":[],"duration":1.4989999999999999},{"name":"sql.active_record","payload":{"sql":"SELECT  \"trainings\".* FROM \"trainings\" WHERE \"trainings\".\"id\" = ? LIMIT ?","name":"Training Load","connection_id":108029760,"statement_name":null,"binds":[{"name":"id","value_before_type_cast":1,"type":{"precision":null,"scale":null,"limit":null,"range":"-2147483648...2147483648"},"original_attribute":null,"value":1,"value_for_database":1},{"name":"LIMIT","value_before_type_cast":1,"type":{"precision":null,"scale":null,"limit":null},"original_attribute":null,"value":1}],"line":35,"filename":"c:/Sites/musc/app/controllers/reservations_controller.rb","method":"create"},"time":"2017-01-29T19:24:05.433+01:00","transaction_id":"120e3cd236d64ba749d0","end":"2017-01-29T19:24:05.435+01:00","children":[],"duration":1.501},{"name":"sql.active_record","payload":{"sql":"begin transaction","name":null,"connection_id":108029760,"statement_name":null,"binds":[],"line":46,"filename":"c:/Sites/musc/app/controllers/reservations_controller.rb","method":"create"},"time":"2017-01-29T19:24:05.661+01:00","transaction_id":"120e3cd236d64ba749d0","end":"2017-01-29T19:24:05.663+01:00","children":[],"duration":1.984},{"name":"sql.active_record","payload":{"sql":"UPDATE \"reservations\" SET \"updated_at\" = ?, \"payid\" = ? WHERE \"reservations\".\"id\" = ?","name":"SQL","connection_id":108029760,"statement_name":null,"binds":[{"name":"updated_at","value_before_type_cast":"2017-01-29T18:24:05.664Z","type":{"precision":null,"scale":null,"limit":null},"original_attribute":null,"value":"2017-01-29T18:24:05.664Z","value_for_database":"2017-01-29T18:24:05.664Z"},{"name":"payid","value_before_type_cast":"tr_xzSuENzuM7","type":{"precision":null,"scale":null,"limit":null},"original_attribute":null,"value":"tr_xzSuENzuM7","value_for_database":"tr_xzSuENzuM7"},{"name":"id","value_before_type_cast":58,"type":{"precision":null,"scale":null,"limit":null,"range":"-2147483648...2147483648"},"original_attribute":null,"value":58,"value_for_database":58}],"line":46,"filename":"c:/Sites/musc/app/controllers/reservations_controller.rb","method":"create"},"time":"2017-01-29T19:24:05.666+01:00","transaction_id":"120e3cd236d64ba749d0","end":"2017-01-29T19:24:05.673+01:00","children":[],"duration":7.003},{"name":"sql.active_record","payload":{"sql":"commit transaction","name":null,"connection_id":108029760,"statement_name":null,"binds":[],"line":46,"filename":"c:/Sites/musc/app/controllers/reservations_controller.rb","method":"create"},"time":"2017-01-29T19:24:05.677+01:00","transaction_id":"120e3cd236d64ba749d0","end":"2017-01-29T19:24:05.687+01:00","children":[],"duration":10.005999999999998},{"name":"process_action.action_controller","payload":{"controller":"ReservationsController","action":"create","params":{"_method":"post","authenticity_token":"pLUEuDkMXP4MnS4GNlhqOh3qSj/jfKFxJg5kVcReq3ygkifV7P4ffdM7QZ3j5V94t62siKZMoGT3XXl3ge5ckw==","controller":"reservations","action":"create","thrill_id":"17"},"headers":"Not JSON Encodable","format":"html","method":"POST","path":"/thrills/17/reservations","status":302,"view_runtime":null,"db_runtime":37.114000000000004},"time":"2017-01-29T19:24:05.284+01:00","transaction_id":"f0a0e6c7be412bb912bb","end":"2017-01-29T19:24:05.691+01:00","children":[],"duration":407.19100000000003}]