[{"name":"sql.active_record","payload":{"sql":"SELECT name FROM sqlite_master WHERE type IN ('table','view') AND name \u003c\u003e 'sqlite_sequence'","name":"SCHEMA","connection_id":110997612,"statement_name":null,"binds":[]},"time":"2017-01-29T19:26:15.168+01:00","transaction_id":"120e3cd236d64ba749d0","end":"2017-01-29T19:26:15.170+01:00","children":[],"duration":2.019},{"name":"sql.active_record","payload":{"sql":"PRAGMA table_info(\"users\")","name":"SCHEMA","connection_id":110997612,"statement_name":null,"binds":[]},"time":"2017-01-29T19:26:15.170+01:00","transaction_id":"120e3cd236d64ba749d0","end":"2017-01-29T19:26:15.171+01:00","children":[],"duration":0.9810000000000001},{"name":"sql.active_record","payload":{"sql":"SELECT sql FROM\n                              (SELECT * FROM sqlite_master UNION ALL\n                               SELECT * FROM sqlite_temp_master)\n                            WHERE type='table' and name='users' ;","name":"SCHEMA","connection_id":110997612,"statement_name":null,"binds":[]},"time":"2017-01-29T19:26:15.172+01:00","transaction_id":"120e3cd236d64ba749d0","end":"2017-01-29T19:26:15.172+01:00","children":[],"duration":0.0},{"name":"sql.active_record","payload":{"sql":"PRAGMA table_info(\"users\")","name":"SCHEMA","connection_id":110997612,"statement_name":null,"binds":[]},"time":"2017-01-29T19:26:15.174+01:00","transaction_id":"120e3cd236d64ba749d0","end":"2017-01-29T19:26:15.175+01:00","children":[],"duration":0.9970000000000001},{"name":"sql.active_record","payload":{"sql":"SELECT sql FROM\n                              (SELECT * FROM sqlite_master UNION ALL\n                               SELECT * FROM sqlite_temp_master)\n                            WHERE type='table' and name='users' ;","name":"SCHEMA","connection_id":110997612,"statement_name":null,"binds":[]},"time":"2017-01-29T19:26:15.175+01:00","transaction_id":"120e3cd236d64ba749d0","end":"2017-01-29T19:26:15.176+01:00","children":[],"duration":1.0},{"name":"sql.active_record","payload":{"sql":"SELECT  \"users\".* FROM \"users\" WHERE \"users\".\"id\" = ? ORDER BY \"users\".\"id\" ASC LIMIT ?","name":"User Load","connection_id":110997612,"statement_name":null,"binds":[{"name":"id","value_before_type_cast":1,"type":{"precision":null,"scale":null,"limit":null,"range":"-2147483648...2147483648"},"original_attribute":null,"value":1,"value_for_database":1},{"name":"LIMIT","value_before_type_cast":1,"type":{"precision":null,"scale":null,"limit":null},"original_attribute":null,"value":1}]},"time":"2017-01-29T19:26:15.179+01:00","transaction_id":"120e3cd236d64ba749d0","end":"2017-01-29T19:26:15.182+01:00","children":[],"duration":2.983},{"name":"sql.active_record","payload":{"sql":"PRAGMA table_info(\"reservations\")","name":"SCHEMA","connection_id":110997612,"statement_name":null,"binds":[],"line":88,"filename":"c:/Sites/musc/app/controllers/reservations_controller.rb","method":"your_trips"},"time":"2017-01-29T19:26:15.222+01:00","transaction_id":"120e3cd236d64ba749d0","end":"2017-01-29T19:26:15.223+01:00","children":[],"duration":0.9990000000000001},{"name":"sql.active_record","payload":{"sql":"SELECT sql FROM\n                              (SELECT * FROM sqlite_master UNION ALL\n                               SELECT * FROM sqlite_temp_master)\n                            WHERE type='table' and name='reservations' ;","name":"SCHEMA","connection_id":110997612,"statement_name":null,"binds":[],"line":88,"filename":"c:/Sites/musc/app/controllers/reservations_controller.rb","method":"your_trips"},"time":"2017-01-29T19:26:15.224+01:00","transaction_id":"120e3cd236d64ba749d0","end":"2017-01-29T19:26:15.225+01:00","children":[],"duration":1.0},{"name":"sql.active_record","payload":{"sql":"PRAGMA table_info(\"thrills\")","name":"SCHEMA","connection_id":110997612,"statement_name":null,"binds":[],"line":17,"filename":"c:/Sites/musc/app/views/reservations/your_trips.html.erb","method":"_app_views_reservations_your_trips_html_erb__959577781_104592876"},"time":"2017-01-29T19:26:15.378+01:00","transaction_id":"120e3cd236d64ba749d0","end":"2017-01-29T19:26:15.379+01:00","children":[],"duration":1.002},{"name":"sql.active_record","payload":{"sql":"SELECT sql FROM\n                              (SELECT * FROM sqlite_master UNION ALL\n                               SELECT * FROM sqlite_temp_master)\n                            WHERE type='table' and name='thrills' ;","name":"SCHEMA","connection_id":110997612,"statement_name":null,"binds":[],"line":17,"filename":"c:/Sites/musc/app/views/reservations/your_trips.html.erb","method":"_app_views_reservations_your_trips_html_erb__959577781_104592876"},"time":"2017-01-29T19:26:15.380+01:00","transaction_id":"120e3cd236d64ba749d0","end":"2017-01-29T19:26:15.380+01:00","children":[],"duration":0.0},{"name":"sql.active_record","payload":{"sql":"SELECT \"reservations\".* FROM \"reservations\" INNER JOIN \"thrills\" ON \"thrills\".\"id\" = \"reservations\".\"thrill_id\" WHERE \"reservations\".\"user_id\" = ? AND ('2017-01-29' \u003c= thrills.thrilldate AND status == 't') ORDER BY thrills.thrilldate asc","name":"Reservation Load","connection_id":110997612,"statement_name":null,"binds":[{"name":"user_id","value_before_type_cast":1,"type":{"precision":null,"scale":null,"limit":null,"range":"-2147483648...2147483648"},"original_attribute":null,"value":1,"value_for_database":1}],"line":17,"filename":"c:/Sites/musc/app/views/reservations/your_trips.html.erb","method":"_app_views_reservations_your_trips_html_erb__959577781_104592876"},"time":"2017-01-29T19:26:15.382+01:00","transaction_id":"120e3cd236d64ba749d0","end":"2017-01-29T19:26:15.384+01:00","children":[],"duration":2.0},{"name":"sql.active_record","payload":{"sql":"PRAGMA table_info(\"reservations\")","name":"SCHEMA","connection_id":110997612,"statement_name":null,"binds":[],"line":17,"filename":"c:/Sites/musc/app/views/reservations/your_trips.html.erb","method":"_app_views_reservations_your_trips_html_erb__959577781_104592876"},"time":"2017-01-29T19:26:15.385+01:00","transaction_id":"120e3cd236d64ba749d0","end":"2017-01-29T19:26:15.385+01:00","children":[],"duration":0.0},{"name":"sql.active_record","payload":{"sql":"SELECT sql FROM\n                              (SELECT * FROM sqlite_master UNION ALL\n                               SELECT * FROM sqlite_temp_master)\n                            WHERE type='table' and name='reservations' ;","name":"SCHEMA","connection_id":110997612,"statement_name":null,"binds":[],"line":17,"filename":"c:/Sites/musc/app/views/reservations/your_trips.html.erb","method":"_app_views_reservations_your_trips_html_erb__959577781_104592876"},"time":"2017-01-29T19:26:15.386+01:00","transaction_id":"120e3cd236d64ba749d0","end":"2017-01-29T19:26:15.386+01:00","children":[],"duration":0.0},{"name":"sql.active_record","payload":{"sql":"PRAGMA table_info(\"thrills\")","name":"SCHEMA","connection_id":110997612,"statement_name":null,"binds":[],"line":23,"filename":"c:/Sites/musc/app/views/reservations/your_trips.html.erb","method":"block in _app_views_reservations_your_trips_html_erb__959577781_104592876"},"time":"2017-01-29T19:26:15.403+01:00","transaction_id":"120e3cd236d64ba749d0","end":"2017-01-29T19:26:15.403+01:00","children":[],"duration":0.0},{"name":"sql.active_record","payload":{"sql":"SELECT sql FROM\n                              (SELECT * FROM sqlite_master UNION ALL\n                               SELECT * FROM sqlite_temp_master)\n                            WHERE type='table' and name='thrills' ;","name":"SCHEMA","connection_id":110997612,"statement_name":null,"binds":[],"line":23,"filename":"c:/Sites/musc/app/views/reservations/your_trips.html.erb","method":"block in _app_views_reservations_your_trips_html_erb__959577781_104592876"},"time":"2017-01-29T19:26:15.404+01:00","transaction_id":"120e3cd236d64ba749d0","end":"2017-01-29T19:26:15.405+01:00","children":[],"duration":0.998},{"name":"sql.active_record","payload":{"sql":"SELECT  \"thrills\".* FROM \"thrills\" WHERE \"thrills\".\"id\" = ? LIMIT ?","name":"Thrill Load","connection_id":110997612,"statement_name":null,"binds":[{"name":"id","value_before_type_cast":17,"type":{"precision":null,"scale":null,"limit":null,"range":"-2147483648...2147483648"},"original_attribute":null,"value":17,"value_for_database":17},{"name":"LIMIT","value_before_type_cast":1,"type":{"precision":null,"scale":null,"limit":null},"original_attribute":null,"value":1}],"line":23,"filename":"c:/Sites/musc/app/views/reservations/your_trips.html.erb","method":"block in _app_views_reservations_your_trips_html_erb__959577781_104592876"},"time":"2017-01-29T19:26:15.410+01:00","transaction_id":"120e3cd236d64ba749d0","end":"2017-01-29T19:26:15.412+01:00","children":[],"duration":2.0},{"name":"sql.active_record","payload":{"sql":"PRAGMA table_info(\"trainings\")","name":"SCHEMA","connection_id":110997612,"statement_name":null,"binds":[],"line":26,"filename":"c:/Sites/musc/app/views/reservations/your_trips.html.erb","method":"block in _app_views_reservations_your_trips_html_erb__959577781_104592876"},"time":"2017-01-29T19:26:15.445+01:00","transaction_id":"120e3cd236d64ba749d0","end":"2017-01-29T19:26:15.446+01:00","children":[],"duration":0.5},{"name":"sql.active_record","payload":{"sql":"SELECT sql FROM\n                              (SELECT * FROM sqlite_master UNION ALL\n                               SELECT * FROM sqlite_temp_master)\n                            WHERE type='table' and name='trainings' ;","name":"SCHEMA","connection_id":110997612,"statement_name":null,"binds":[],"line":26,"filename":"c:/Sites/musc/app/views/reservations/your_trips.html.erb","method":"block in _app_views_reservations_your_trips_html_erb__959577781_104592876"},"time":"2017-01-29T19:26:15.447+01:00","transaction_id":"120e3cd236d64ba749d0","end":"2017-01-29T19:26:15.447+01:00","children":[],"duration":0.0},{"name":"sql.active_record","payload":{"sql":"PRAGMA table_info(\"trainings\")","name":"SCHEMA","connection_id":110997612,"statement_name":null,"binds":[],"line":26,"filename":"c:/Sites/musc/app/views/reservations/your_trips.html.erb","method":"block in _app_views_reservations_your_trips_html_erb__959577781_104592876"},"time":"2017-01-29T19:26:15.448+01:00","transaction_id":"120e3cd236d64ba749d0","end":"2017-01-29T19:26:15.449+01:00","children":[],"duration":0.502},{"name":"sql.active_record","payload":{"sql":"SELECT sql FROM\n                              (SELECT * FROM sqlite_master UNION ALL\n                               SELECT * FROM sqlite_temp_master)\n                            WHERE type='table' and name='trainings' ;","name":"SCHEMA","connection_id":110997612,"statement_name":null,"binds":[],"line":26,"filename":"c:/Sites/musc/app/views/reservations/your_trips.html.erb","method":"block in _app_views_reservations_your_trips_html_erb__959577781_104592876"},"time":"2017-01-29T19:26:15.449+01:00","transaction_id":"120e3cd236d64ba749d0","end":"2017-01-29T19:26:15.450+01:00","children":[],"duration":0.502},{"name":"sql.active_record","payload":{"sql":"SELECT  \"trainings\".* FROM \"trainings\" WHERE \"trainings\".\"id\" = ? LIMIT ?","name":"Training Load","connection_id":110997612,"statement_name":null,"binds":[{"name":"id","value_before_type_cast":1,"type":{"precision":null,"scale":null,"limit":null,"range":"-2147483648...2147483648"},"original_attribute":null,"value":1,"value_for_database":1},{"name":"LIMIT","value_before_type_cast":1,"type":{"precision":null,"scale":null,"limit":null},"original_attribute":null,"value":1}],"line":26,"filename":"c:/Sites/musc/app/views/reservations/your_trips.html.erb","method":"block in _app_views_reservations_your_trips_html_erb__959577781_104592876"},"time":"2017-01-29T19:26:15.453+01:00","transaction_id":"120e3cd236d64ba749d0","end":"2017-01-29T19:26:15.454+01:00","children":[],"duration":1.001},{"name":"sql.active_record","payload":{"sql":"PRAGMA table_info(\"photos\")","name":"SCHEMA","connection_id":110997612,"statement_name":null,"binds":[],"line":27,"filename":"c:/Sites/musc/app/views/reservations/your_trips.html.erb","method":"block (2 levels) in _app_views_reservations_your_trips_html_erb__959577781_104592876"},"time":"2017-01-29T19:26:15.487+01:00","transaction_id":"120e3cd236d64ba749d0","end":"2017-01-29T19:26:15.488+01:00","children":[],"duration":1.003},{"name":"sql.active_record","payload":{"sql":"SELECT sql FROM\n                              (SELECT * FROM sqlite_master UNION ALL\n                               SELECT * FROM sqlite_temp_master)\n                            WHERE type='table' and name='photos' ;","name":"SCHEMA","connection_id":110997612,"statement_name":null,"binds":[],"line":27,"filename":"c:/Sites/musc/app/views/reservations/your_trips.html.erb","method":"block (2 levels) in _app_views_reservations_your_trips_html_erb__959577781_104592876"},"time":"2017-01-29T19:26:15.489+01:00","transaction_id":"120e3cd236d64ba749d0","end":"2017-01-29T19:26:15.489+01:00","children":[],"duration":0.0},{"name":"sql.active_record","payload":{"sql":"SELECT \"photos\".* FROM \"photos\" WHERE \"photos\".\"training_id\" = ?","name":"Photo Load","connection_id":110997612,"statement_name":null,"binds":[{"name":"training_id","value_before_type_cast":1,"type":{"precision":null,"scale":null,"limit":null,"range":"-2147483648...2147483648"},"original_attribute":null,"value":1,"value_for_database":1}],"line":27,"filename":"c:/Sites/musc/app/views/reservations/your_trips.html.erb","method":"block (2 levels) in _app_views_reservations_your_trips_html_erb__959577781_104592876"},"time":"2017-01-29T19:26:15.495+01:00","transaction_id":"120e3cd236d64ba749d0","end":"2017-01-29T19:26:15.496+01:00","children":[],"duration":0.9990000000000001},{"name":"sql.active_record","payload":{"sql":"PRAGMA table_info(\"photos\")","name":"SCHEMA","connection_id":110997612,"statement_name":null,"binds":[],"line":27,"filename":"c:/Sites/musc/app/views/reservations/your_trips.html.erb","method":"block (2 levels) in _app_views_reservations_your_trips_html_erb__959577781_104592876"},"time":"2017-01-29T19:26:15.498+01:00","transaction_id":"120e3cd236d64ba749d0","end":"2017-01-29T19:26:15.498+01:00","children":[],"duration":0.0},{"name":"sql.active_record","payload":{"sql":"SELECT sql FROM\n                              (SELECT * FROM sqlite_master UNION ALL\n                               SELECT * FROM sqlite_temp_master)\n                            WHERE type='table' and name='photos' ;","name":"SCHEMA","connection_id":110997612,"statement_name":null,"binds":[],"line":27,"filename":"c:/Sites/musc/app/views/reservations/your_trips.html.erb","method":"block (2 levels) in _app_views_reservations_your_trips_html_erb__959577781_104592876"},"time":"2017-01-29T19:26:15.499+01:00","transaction_id":"120e3cd236d64ba749d0","end":"2017-01-29T19:26:15.499+01:00","children":[],"duration":0.0},{"name":"sql.active_record","payload":{"sql":"SELECT  \"users\".* FROM \"users\" WHERE \"users\".\"id\" = ? LIMIT ?","name":"User Load","connection_id":110997612,"statement_name":null,"binds":[{"name":"id","value_before_type_cast":1,"type":{"precision":null,"scale":null,"limit":null,"range":"-2147483648...2147483648"},"original_attribute":null,"value":1,"value_for_database":1},{"name":"LIMIT","value_before_type_cast":1,"type":{"precision":null,"scale":null,"limit":null},"original_attribute":null,"value":1}],"line":37,"filename":"c:/Sites/musc/app/views/reservations/your_trips.html.erb","method":"block in _app_views_reservations_your_trips_html_erb__959577781_104592876"},"time":"2017-01-29T19:26:15.521+01:00","transaction_id":"120e3cd236d64ba749d0","end":"2017-01-29T19:26:15.525+01:00","children":[],"duration":4.004},{"name":"render_template.action_view","payload":{"identifier":"c:/Sites/musc/app/views/reservations/your_trips.html.erb","layout":"layouts/application"},"time":"2017-01-29T19:26:15.361+01:00","transaction_id":"e9532a58139ec756f2f5","end":"2017-01-29T19:26:15.527+01:00","children":[],"duration":166.066},{"name":"render_partial.action_view","payload":{"identifier":"c:/Sites/musc/app/views/shared/_navbar.html.erb"},"time":"2017-01-29T19:26:15.874+01:00","transaction_id":"e9532a58139ec756f2f5","end":"2017-01-29T19:26:15.877+01:00","children":[],"duration":2.999},{"name":"render_partial.action_view","payload":{"identifier":"c:/Sites/musc/app/views/shared/_message.html.erb"},"time":"2017-01-29T19:26:15.902+01:00","transaction_id":"e9532a58139ec756f2f5","end":"2017-01-29T19:26:15.904+01:00","children":[],"duration":2.003},{"name":"process_action.action_controller","payload":{"controller":"ReservationsController","action":"your_trips","params":{"controller":"reservations","action":"your_trips"},"headers":"Not JSON Encodable","format":"html","method":"GET","path":"/your_trips","status":200,"view_runtime":647.6856470001272,"db_runtime":12.521},"time":"2017-01-29T19:26:15.167+01:00","transaction_id":"e9532a58139ec756f2f5","end":"2017-01-29T19:26:15.905+01:00","children":[],"duration":738.544}]