{"files":{"header-6ad33c6d1bdaa4b7ab0670f268192040fe70159ebd1213cb5857a955797865fa.jpg":{"logical_path":"header.jpg","mtime":"2016-12-07T20:07:37+01:00","size":649525,"digest":"6ad33c6d1bdaa4b7ab0670f268192040fe70159ebd1213cb5857a955797865fa","integrity":"sha256-atM8bRvapLerBnDyaBkgQP5wFZ69EhPLWFepVXl4Zfo="},"star-half-db15fb9b3561d5c741d8aea9ef4f0957bd9bc51aa1caa6d7a5c316e083c1abd5.png":{"logical_path":"star-half.png","mtime":"2016-12-07T20:07:37+01:00","size":667,"digest":"db15fb9b3561d5c741d8aea9ef4f0957bd9bc51aa1caa6d7a5c316e083c1abd5","integrity":"sha256-2xX7mzVh1cdB2K6p708JV72bxRqhyqbXpcMW4IPBq9U="},"star-off-6aaeebdaab93d594c005d366ce0d94fba02e7a07fd03557dbee8482f04a91c22.png":{"logical_path":"star-off.png","mtime":"2016-12-07T20:07:37+01:00","size":685,"digest":"6aaeebdaab93d594c005d366ce0d94fba02e7a07fd03557dbee8482f04a91c22","integrity":"sha256-aq7r2quT1ZTABdNmzg2U+6Auegf9A1V9vuhILwSpHCI="},"star-on-fd26bf0ea0990cfd808f7540f958eed324b86fc609bf56ec2b3a5612cdfde5f5.png":{"logical_path":"star-on.png","mtime":"2016-12-07T20:07:37+01:00","size":631,"digest":"fd26bf0ea0990cfd808f7540f958eed324b86fc609bf56ec2b3a5612cdfde5f5","integrity":"sha256-/Sa/DqCZDP2Aj3VA+Vju0yS4b8YJv1bsKzpWEs395fU="},"application-514aa6fafcc869be3e97a9cecb349147b4f898c065795578eca7395144dbaa79.js":{"logical_path":"application.js","mtime":"2016-12-07T20:07:40+01:00","size":517769,"digest":"514aa6fafcc869be3e97a9cecb349147b4f898c065795578eca7395144dbaa79","integrity":"sha256-UUqm+vzIab4+l6nOyzSRR7T4mMBleVV47Kc5UUTbqnk="},"application-76ce58a2ade7138fc2be3be93fa593d9cfafc4c2dada54750f8f54d0de244e43.css":{"logical_path":"application.css","mtime":"2016-12-07T20:07:37+01:00","size":363531,"digest":"76ce58a2ade7138fc2be3be93fa593d9cfafc4c2dada54750f8f54d0de244e43","integrity":"sha256-ds5Yoq3nE4/CvjvpP6WT2c+vxMLa2lR1D49U0N4kTkM="},"bootstrap/glyphicons-halflings-regular-13634da87d9e23f8c3ed9108ce1724d183a39ad072e73e1b3d8cbf646d2d0407.eot":{"logical_path":"bootstrap/glyphicons-halflings-regular.eot","mtime":"2016-11-28T21:34:21+01:00","size":20127,"digest":"13634da87d9e23f8c3ed9108ce1724d183a39ad072e73e1b3d8cbf646d2d0407","integrity":"sha256-E2NNqH2eI/jD7ZEIzhck0YOjmtBy5z4bPYy/ZG0tBAc="},"bootstrap/glyphicons-halflings-regular-fe185d11a49676890d47bb783312a0cda5a44c4039214094e7957b4c040ef11c.woff2":{"logical_path":"bootstrap/glyphicons-halflings-regular.woff2","mtime":"2016-11-28T21:34:21+01:00","size":18028,"digest":"fe185d11a49676890d47bb783312a0cda5a44c4039214094e7957b4c040ef11c","integrity":"sha256-/hhdEaSWdokNR7t4MxKgzaWkTEA5IUCU55V7TAQO8Rw="},"bootstrap/glyphicons-halflings-regular-a26394f7ede100ca118eff2eda08596275a9839b959c226e15439557a5a80742.woff":{"logical_path":"bootstrap/glyphicons-halflings-regular.woff","mtime":"2016-11-28T21:34:21+01:00","size":23424,"digest":"a26394f7ede100ca118eff2eda08596275a9839b959c226e15439557a5a80742","integrity":"sha256-omOU9+3hAMoRjv8u2ghZYnWpg5uVnCJuFUOVV6WoB0I="},"bootstrap/glyphicons-halflings-regular-e395044093757d82afcb138957d06a1ea9361bdcf0b442d06a18a8051af57456.ttf":{"logical_path":"bootstrap/glyphicons-halflings-regular.ttf","mtime":"2016-11-28T21:34:21+01:00","size":45404,"digest":"e395044093757d82afcb138957d06a1ea9361bdcf0b442d06a18a8051af57456","integrity":"sha256-45UEQJN1fYKvyxOJV9BqHqk2G9zwtELQahioBRr1dFY="},"bootstrap/glyphicons-halflings-regular-42f60659d265c1a3c30f9fa42abcbb56bd4a53af4d83d316d6dd7a36903c43e5.svg":{"logical_path":"bootstrap/glyphicons-halflings-regular.svg","mtime":"2016-11-28T21:34:21+01:00","size":108738,"digest":"42f60659d265c1a3c30f9fa42abcbb56bd4a53af4d83d316d6dd7a36903c43e5","integrity":"sha256-QvYGWdJlwaPDD5+kKry7Vr1KU69Ng9MW1t16NpA8Q+U="}},"assets":{"header.jpg":"header-6ad33c6d1bdaa4b7ab0670f268192040fe70159ebd1213cb5857a955797865fa.jpg","star-half.png":"star-half-db15fb9b3561d5c741d8aea9ef4f0957bd9bc51aa1caa6d7a5c316e083c1abd5.png","star-off.png":"star-off-6aaeebdaab93d594c005d366ce0d94fba02e7a07fd03557dbee8482f04a91c22.png","star-on.png":"star-on-fd26bf0ea0990cfd808f7540f958eed324b86fc609bf56ec2b3a5612cdfde5f5.png","application.js":"application-514aa6fafcc869be3e97a9cecb349147b4f898c065795578eca7395144dbaa79.js","application.css":"application-76ce58a2ade7138fc2be3be93fa593d9cfafc4c2dada54750f8f54d0de244e43.css","bootstrap/glyphicons-halflings-regular.eot":"bootstrap/glyphicons-halflings-regular-13634da87d9e23f8c3ed9108ce1724d183a39ad072e73e1b3d8cbf646d2d0407.eot","bootstrap/glyphicons-halflings-regular.woff2":"bootstrap/glyphicons-halflings-regular-fe185d11a49676890d47bb783312a0cda5a44c4039214094e7957b4c040ef11c.woff2","bootstrap/glyphicons-halflings-regular.woff":"bootstrap/glyphicons-halflings-regular-a26394f7ede100ca118eff2eda08596275a9839b959c226e15439557a5a80742.woff","bootstrap/glyphicons-halflings-regular.ttf":"bootstrap/glyphicons-halflings-regular-e395044093757d82afcb138957d06a1ea9361bdcf0b442d06a18a8051af57456.ttf","bootstrap/glyphicons-halflings-regular.svg":"bootstrap/glyphicons-halflings-regular-42f60659d265c1a3c30f9fa42abcbb56bd4a53af4d83d316d6dd7a36903c43e5.svg"}}